"time_nodeTx","size_count_nodeTx_queue","time_queue","size_count_queue","time_nodeRx","size_count_nodeRx_queue"
0.079587450457,1,0.179687450457,1,0.379787450457,1
0.169443489305,1,0.279687450457,1,0.579787450457,1
0.29503656511,1,0.39513656511,1,0.779787450457,1
0.480996986317,1,0.581096986317,1,0.979787450457,1
0.573319299464,1,0.681096986317,2,1.179787450457,1
0.768473833052,1,0.868573833052,2,1.379787450457,1
0.84719394705,1,0.968573833052,3,1.579787450457,1
1.03509035247,1,1.13519035247,3,1.779787450457,1
1.090195201137,1,1.23519035247,3,1.979787450457,1
1.187895843776,1,1.33519035247,4,2.179787450457,1
1.291711773842,1,1.43519035247,4,2.379787450457,1
1.340224590214,1,1.53519035247,5,2.579787450457,1
1.397776509902,2,1.63519035247,5,2.779787450457,1
1.433092423816,3,1.73519035247,6,2.979787450457,1
1.65544486602,1,1.83519035247,6,3.179787450457,1
1.661283332929,2,1.93519035247,7,3.379787450457,1
1.992774560922,1,2.092874560922,7,3.579787450457,1
2.024610175006,1,2.192874560922,7,3.779787450457,1
2.072970385501,2,2.292874560922,8,3.979787450457,1
2.137915020326,2,2.392874560922,8,4.179787450457,1
2.294804632088,1,2.492874560922,9,4.379787450457,1
2.46202575212,1,2.592874560922,9,4.579787450457,1
2.537293163451,1,2.692874560922,10,4.779787450457,1
2.602681420173,1,2.792874560922,10,4.979787450457,1
2.686624705463,2,2.892874560922,11,5.179787450457,1
2.736511906365,2,2.992874560922,11,5.379787450457,1
2.99633731495,1,3.09643731495,12,5.579787450457,1
3.177174241377,1,3.277274241377,12,5.779787450457,1
3.184542776924,1,3.377274241377,13,5.979787450457,1
3.225700576548,2,3.477274241377,13,6.179787450457,1
3.23481667916,3,3.577274241377,14,6.379787450457,1
3.339277929991,3,3.677274241377,14,6.579787450457,1
3.341320488831,4,3.777274241377,15,6.779787450457,1
3.387245302557,4,3.877274241377,15,6.979787450457,1
3.565994068901,4,3.977274241377,16,7.179787450457,1
3.881011061769,1,4.077274241377,16,7.379787450457,1
4.031589487633,1,4.177274241377,17,7.579787450457,1
4.046712572999,2,4.277274241377,17,7.779787450457,1
4.250743998793,1,4.377274241377,18,7.979787450457,1
4.454833220384,1,4.554933220384,18,8.179787450457,1
4.839355407298,1,4.939455407298,17,8.379787450457,1
4.903526324566,1,5.039455407298,17,8.579787450457,1
5.064050280272,1,5.164150280272,18,8.779787450457,1
5.225450487761,1,5.325550487761,18,8.979787450457,1
5.287343433724,1,5.425550487761,18,9.179787450457,1
5.360839875843,1,5.525550487761,19,9.379787450457,1
5.512493473242,1,5.625550487761,19,9.579787450457,1
5.626087367413,1,5.726187367413,20,9.779787450457,1
5.638674808357,1,5.826187367413,20,9.979787450457,1
5.766197578579,1,5.926187367413,21,10.179787450457,1
5.868340766014,1,6.026187367413,21,10.379787450457,1
5.955572885518,1,6.126187367413,22,10.579787450457,1
5.971045853568,2,6.226187367413,22,10.779787450457,1
6.048129319415,2,6.326187367413,23,10.979787450457,1
6.337571367214,1,6.437671367214,23,11.179787450457,1
6.479707835223,1,6.579807835223,23,11.379787450457,1
6.553490564399,1,6.679807835223,24,11.579787450457,1
6.564685180462,2,6.779807835223,24,11.779787450457,1
6.618241752485,2,6.879807835223,25,11.979787450457,1
6.682411222688,2,6.979807835223,25,12.179787450457,1
6.713139257903,3,7.079807835223,26,12.379787450457,1
6.733759586106,4,7.179807835223,26,12.579787450457,1
6.882585068681,3,7.279807835223,27,12.779787450457,1
7.016114087143,3,7.379807835223,27,12.979787450457,1
7.077022329461,4,7.479807835223,28,13.179787450457,1
7.101427178535,4,7.579807835223,28,13.379787450457,1
7.185460649096,4,7.679807835223,29,13.579787450457,1
7.199988451825,5,7.779807835223,29,13.779787450457,1
7.201885308745,6,7.879807835223,30,13.979787450457,1
7.241062389813,7,7.979807835223,30,14.179787450457,1
7.33720048372,7,8.079807835223,31,14.379787450457,1
7.353414132665,8,8.179807835223,31,14.579787450457,1
7.448113800382,8,8.279807835223,32,14.779787450457,1
7.473257993589,9,8.379807835223,32,14.979787450457,1
7.569212791326,9,8.479807835223,33,15.179787450457,1
7.618068496257,9,8.579807835223,33,15.379787450457,1
7.905859998385,7,8.679807835223,34,15.579787450457,1
8.138751335806,6,8.779807835223,34,15.779787450457,1
8.253265231276,6,8.879807835223,35,15.979787450457,1
8.313039838958,6,8.979807835223,35,16.179787450457,1
8.357591688463,7,9.079807835223,36,16.379787450457,1
8.452541146813,7,9.179807835223,36,16.579787450457,1
8.509994387487,7,9.279807835223,37,16.779787450457,1
8.742629493656,6,9.379807835223,37,16.979787450457,1
8.862240273602,6,9.479807835223,38,17.179787450457,1
8.87269639618,7,9.579807835223,38,17.379787450457,1
8.878907925227,8,9.679807835223,39,17.579787450457,1
9.228929293672,5,9.779807835223,39,17.779787450457,1
9.338820540427,5,9.879807835223,40,17.979787450457,1
9.444703953576,5,9.979807835223,40,18.179787450457,1
9.555763698145,5,10.079807835223,41,18.379787450457,1
9.574506304747,6,10.179807835223,41,18.579787450457,1
9.598126975355,6,10.279807835223,42,18.779787450457,1
9.642467378217,7,10.379807835223,42,18.979787450457,1
9.65627024706,8,10.479807835223,43,19.179787450457,1
9.795174516039,7,10.579807835223,43,19.379787450457,1
9.833070712467,8,10.679807835223,44,19.579787450457,1
9.926676868444,8,10.779807835223,44,19.779787450457,1
9.971887074466,9,10.879807835223,45,19.979787450457,1
10.011198330196,9,10.979807835223,45,20.179787450457,1
10.095641109549,9,11.079807835223,46,20.379787450457,1
10.09955942519,10,11.179807835223,46,20.579787450457,1
10.157291856271,11,11.279807835223,47,20.779787450457,1
10.257878956788,11,11.379807835223,47,20.979787450457,1
10.703328641406,7,11.479807835223,48,21.179787450457,1
11.022623305611,5,11.579807835223,48,21.379787450457,1
11.033386816427,6,11.679807835223,49,21.579787450457,1
11.139169457762,6,11.779807835223,49,21.779787450457,1
11.16259960964,7,11.879807835223,50,21.979787450457,1
11.263401534182,7,11.979807835223,50,22.179787450457,1
11.280992888725,7,12.079807835223,51,22.379787450457,1
11.817002923749,3,12.179807835223,51,22.579787450457,1
11.922877195258,3,12.279807835223,52,22.779787450457,1
12.010068780621,3,12.379807835223,52,22.979787450457,1
12.039276833948,4,12.479807835223,53,23.179787450457,1
12.092783301656,4,12.579807835223,53,23.379787450457,1
12.155577459755,5,12.679807835223,54,23.579787450457,1
12.219955559915,5,12.779807835223,54,23.779787450457,1
12.247983260763,6,12.879807835223,55,23.979787450457,1
12.34566966817,6,12.979807835223,55,24.179787450457,1
12.362982413785,7,13.079807835223,56,24.379787450457,1
12.404232536777,7,13.179807835223,56,24.579787450457,1
12.415928077756,8,13.279807835223,57,24.779787450457,1
12.528244907909,8,13.379807835223,57,24.979787450457,1
12.635052127624,8,13.479807835223,58,25.179787450457,1
12.673207711961,9,13.579807835223,58,25.379787450457,1
12.688078938886,9,13.679807835223,59,25.579787450457,1
12.838742472213,9,13.779807835223,59,25.779787450457,1
12.860630531864,10,13.879807835223,60,25.979787450457,1
13.159349521049,8,13.979807835223,60,26.179787450457,1
13.205350916823,8,14.079807835223,61,26.379787450457,1
13.313977854911,8,14.179807835223,61,26.579787450457,1
13.486011020683,7,14.279807835223,62,26.779787450457,1
13.487377478526,8,14.379807835223,62,26.979787450457,1
13.497591966678,9,14.479807835223,63,27.179787450457,1
13.595102160094,9,14.579807835223,63,27.379787450457,1
13.777084052022,9,14.679807835223,64,27.579787450457,1
13.889065488597,8,14.779807835223,64,27.779787450457,1
13.899168966128,9,14.879807835223,65,27.979787450457,1
14.256527803362,7,14.979807835223,65,28.179787450457,1
14.63143094932,4,15.079807835223,66,28.379787450457,1
14.841963079399,3,15.179807835223,66,28.579787450457,1
14.905196739039,3,15.279807835223,67,28.779787450457,1
14.976455098372,4,15.379807835223,67,28.979787450457,1
15.352647826822,1,15.479807835223,68,29.179787450457,1
15.358380519464,2,15.579807835223,68,29.379787450457,1
15.451228369154,2,15.679807835223,69,29.579787450457,1
15.511223057818,2,15.779807835223,69,29.779787450457,1
15.645647585033,2,15.879807835223,70,29.979787450457,1
15.647666597848,3,15.979807835223,70,30.179787450457,1
15.651664227754,4,16.079807835223,71,30.379787450457,1
15.709952066641,4,16.179807835223,71,30.579787450457,1
15.743193090737,5,16.279807835223,72,30.779787450457,1
16.132350103022,2,16.379807835223,72,30.979787450457,1
16.145155779553,3,16.479807835223,73,31.179787450457,1
16.189697725745,3,16.579807835223,73,31.379787450457,1
16.224815334683,4,16.679807835223,74,31.579787450457,1
16.290379963119,4,16.779807835223,74,31.779787450457,1
16.303018826762,5,16.879807835223,75,31.979787450457,1
16.419706179417,5,16.979807835223,75,32.179787450457,1
16.457976274303,6,17.079807835223,76,32.379787450457,1
16.670399994003,5,17.179807835223,76,32.579787450457,1
16.723888431579,5,17.279807835223,77,32.779787450457,1
16.974279609888,4,17.379807835223,77,32.979787450457,1
16.980909350036,4,17.479807835223,78,33.179787450457,1
17.005348894844,5,17.579807835223,78,33.379787450457,1
17.123267847551,5,17.679807835223,79,33.579787450457,1
17.206552199158,5,17.779807835223,79,33.779787450457,1
17.290161952355,5,17.879807835223,80,33.979787450457,1
17.490486004606,4,17.979807835223,80,34.179787450457,1
17.521327488616,5,18.079807835223,81,34.379787450457,1
17.592452282338,5,18.179807835223,81,34.579787450457,1
17.666528177383,6,18.279807835223,82,34.779787450457,1
17.915086413081,4,18.379807835223,82,34.979787450457,1
17.924951443923,5,18.479807835223,83,35.179787450457,1
18.178981894719,4,18.579807835223,83,35.379787450457,1
18.264771458826,4,18.679807835223,84,35.579787450457,1
18.27344850706,5,18.779807835223,84,35.779787450457,1
18.538374099928,3,18.879807835223,85,35.979787450457,1
18.570908141481,4,18.979807835223,85,36.179787450457,1
18.609264162891,4,19.079807835223,86,36.379787450457,1
18.610204237957,5,19.179807835223,86,36.579787450457,1
18.720288828966,5,19.279807835223,87,36.779787450457,1
18.905021594066,4,19.379807835223,87,36.979787450457,1
18.919154665422,5,19.479807835223,88,37.179787450457,1
19.02333273084,5,19.579807835223,88,37.379787450457,1
19.149326111851,5,19.679807835223,89,37.579787450457,1
19.333454359,4,19.779807835223,89,37.779787450457,1
19.367619775703,5,19.879807835223,90,37.979787450457,1
19.398371548079,5,19.979807835223,90,38.179787450457,1
19.418606591936,6,20.079807835223,91,38.379787450457,1
19.469326604262,7,20.179807835223,91,38.579787450457,1
19.557639508458,7,20.279807835223,92,38.779787450457,1
19.638119248438,7,20.379807835223,92,38.979787450457,1
19.640150494318,8,20.479807835223,93,39.179787450457,1
19.658175719516,9,20.579807835223,93,39.379787450457,1
19.834749826757,8,20.679807835223,94,39.579787450457,1
19.880922916361,8,20.779807835223,94,39.779787450457,1
19.88139357041,9,20.879807835223,95,39.979787450457,1
19.897227721033,10,20.979807835223,95,40.179787450457,1
20.01049113523,10,21.079807835223,96,40.379787450457,1
20.094799438445,10,21.179807835223,96,40.579787450457,1
20.12627160453,11,21.279807835223,97,40.779787450457,1
20.247922469874,11,21.379807835223,97,40.979787450457,1
20.380798257249,10,21.479807835223,98,41.179787450457,1
20.414832931073,11,21.579807835223,98,41.379787450457,1
20.742347248844,9,21.679807835223,99,41.579787450457,1
20.799137664192,9,21.779807835223,99,41.779787450457,1
20.827739761443,10,21.879807835223,100,41.979787450457,1
20.968842202372,10,21.979807835223,100,42.179787450457,1
21.054681499155,10,22.079807835223,101,42.379787450457,1
21.105115879814,10,22.179807835223,101,42.579787450457,1
21.194774966893,10,22.279807835223,102,42.779787450457,1
21.421148324479,9,22.379807835223,102,42.979787450457,1
21.506070405635,9,22.479807835223,103,43.179787450457,1
21.607936278637,9,22.579807835223,103,43.379787450457,1
21.633178277926,10,22.679807835223,104,43.579787450457,1
21.855328967773,9,22.779807835223,104,43.779787450457,1
22.160557133461,7,22.879807835223,105,43.979787450457,1
22.274517929814,7,22.979807835223,105,44.179787450457,1
22.333780332559,7,23.079807835223,106,44.379787450457,1
22.393418271992,7,23.179807835223,106,44.579787450457,1
22.580764259978,6,23.279807835223,107,44.779787450457,1
22.965064918302,4,23.379807835223,107,44.979787450457,1
23.085288775027,3,23.479807835223,108,45.179787450457,1
23.097641439763,4,23.579807835223,108,45.379787450457,1
23.13294345309,5,23.679807835223,109,45.579787450457,1
23.278625308946,5,23.779807835223,109,45.779787450457,1
23.446717529401,4,23.879807835223,110,45.979787450457,1
23.499789779063,4,23.979807835223,110,46.179787450457,1
23.550291653838,5,24.079807835223,111,46.379787450457,1
23.662819855522,5,24.179807835223,111,46.579787450457,1
23.875769795129,4,24.279807835223,112,46.779787450457,1
23.904510842736,4,24.379807835223,112,46.979787450457,1
23.991564425369,4,24.479807835223,113,47.179787450457,1
24.02913830961,5,24.579807835223,113,47.379787450457,1
24.242621354608,4,24.679807835223,114,47.579787450457,1
24.579058399913,2,24.779807835223,114,47.779787450457,1
24.696996693277,1,24.879807835223,115,47.979787450457,1
24.785782834321,1,24.979807835223,115,48.179787450457,1
24.914973761201,1,25.079807835223,116,48.379787450457,1
25.022757249615,1,25.179807835223,116,48.579787450457,1
25.092337195705,1,25.279807835223,117,48.779787450457,1
25.168523972835,2,25.379807835223,117,48.979787450457,1
25.481070808601,1,25.581170808601,117,49.179787450457,1
25.507276532769,1,25.681170808601,118,49.379787450457,1
25.610556233834,1,25.781170808601,118,49.579787450457,1
25.66078731366,2,25.881170808601,119,49.779787450457,1
25.715926912673,2,25.981170808601,119,49.979787450457,1
25.812372269222,2,26.081170808601,120,50.179787450457,1
25.905612557263,2,26.181170808601,120,50.379787450457,1
25.970023028095,3,26.281170808601,121,50.579787450457,1
25.97196100623,4,26.381170808601,121,50.779787450457,1
26.035473777793,4,26.481170808601,122,50.979787450457,1
26.07136649938,5,26.581170808601,122,51.179787450457,1
26.197270851106,4,26.681170808601,123,51.379787450457,1
26.305202870972,4,26.781170808601,123,51.579787450457,1
26.33916934423,5,26.881170808601,124,51.779787450457,1
26.3734293067,6,26.981170808601,124,51.979787450457,1
26.421792875359,6,27.081170808601,125,52.179787450457,1
26.518030380936,6,27.181170808601,125,52.379787450457,1
26.65632830159,6,27.281170808601,126,52.579787450457,1
26.712324408597,6,27.381170808601,126,52.779787450457,1
26.923069169092,5,27.481170808601,127,52.979787450457,1
26.937626566937,6,27.581170808601,127,53.179787450457,1
26.948481276786,7,27.681170808601,128,53.379787450457,1
26.983903690011,7,27.781170808601,128,53.579787450457,1
26.993595965469,8,27.881170808601,129,53.779787450457,1
27.077984812728,9,27.981170808601,129,53.979787450457,1
27.121687614105,9,28.081170808601,130,54.179787450457,1
27.211060521936,9,28.181170808601,130,54.379787450457,1
27.291315720512,9,28.281170808601,131,54.579787450457,1
27.376723694076,10,28.381170808601,131,54.779787450457,1
27.380144035912,11,28.481170808601,132,54.979787450457,1
27.48604497445,10,28.581170808601,132,55.179787450457,1
27.833298522378,8,28.681170808601,133,55.379787450457,1
27.938883483244,8,28.781170808601,133,55.579787450457,1
27.977596492459,9,28.881170808601,134,55.779787450457,1
28.034057542571,9,28.981170808601,134,55.979787450457,1
28.059065692069,10,29.081170808601,135,56.179787450457,1
28.285929091338,8,29.181170808601,135,56.379787450457,1
28.301158453863,9,29.281170808601,136,56.579787450457,1
28.346975742259,10,29.381170808601,136,56.779787450457,1
28.357207803744,11,29.481170808601,137,56.979787450457,1
28.414453958887,11,29.581170808601,137,57.179787450457,1
28.828234934938,8,29.681170808601,138,57.379787450457,1
29.050726400661,7,29.781170808601,138,57.579787450457,1
29.080882991983,8,29.881170808601,139,57.779787450457,1
29.244972749776,7,29.981170808601,139,57.979787450457,1
29.321980435731,7,30.081170808601,140,58.179787450457,1
29.443682385265,7,30.181170808601,140,58.379787450457,1
29.503089735097,7,30.281170808601,141,58.579787450457,1
29.51365099946,8,30.381170808601,141,58.779787450457,1
29.52413918302,9,30.481170808601,142,58.979787450457,1
29.776067396028,8,30.581170808601,142,59.179787450457,1
29.819501961622,8,30.681170808601,143,59.379787450457,1
29.944762714113,8,30.781170808601,143,59.579787450457,1
30.008108975885,8,30.881170808601,144,59.779787450457,1
30.684648027879,2,30.981170808601,144,59.979787450457,1
30.868621306387,2,31.081170808601,145,60.179787450457,1
30.884808315058,2,31.181170808601,145,60.379787450457,1
31.119826044033,1,31.281170808601,146,60.579787450457,1
31.322416925743,1,31.422516925743,146,60.779787450457,1
31.326245217031,1,31.522516925743,147,60.979787450457,1
31.343977774546,2,31.622516925743,147,61.179787450457,1
31.414969567268,3,31.722516925743,148,61.379787450457,1
31.51056620966,3,31.822516925743,148,61.579787450457,1
31.528820069848,3,31.922516925743,149,61.779787450457,1
31.542038440809,4,32.022516925743,149,61.979787450457,1
31.69302078637,4,32.122516925743,150,62.179787450457,1
31.881413675029,3,32.222516925743,150,62.379787450457,1
32.081612324582,2,32.322516925743,151,62.579787450457,1
32.246284234715,1,32.422516925743,151,62.779787450457,1
32.299284522529,2,32.522516925743,152,62.979787450457,1
32.383472618702,2,32.622516925743,152,63.179787450457,1
32.398551719721,3,32.722516925743,153,63.379787450457,1
32.45083872273,3,32.822516925743,153,63.579787450457,1
32.454217401285,4,32.922516925743,154,63.779787450457,1
32.461384939716,5,33.022516925743,154,63.979787450457,1
32.866369623596,2,33.122516925743,155,64.179787450457,1
32.985913480224,2,33.222516925743,155,64.379787450457,1
33.032640736865,2,33.322516925743,156,64.579787450457,1
33.09307064405,3,33.422516925743,156,64.779787450457,1
33.147556356864,3,33.522516925743,157,64.979787450457,1
33.275589777245,3,33.622516925743,157,65.179787450457,1
33.280781032463,4,33.722516925743,158,65.379787450457,1
33.482058306084,3,33.822516925743,158,65.579787450457,1
33.527549490563,3,33.922516925743,159,65.779787450457,1
33.898545549753,1,34.022516925743,159,65.979787450457,1
33.900222326352,2,34.122516925743,160,66.179787450457,1
34.093880050101,1,34.222516925743,160,66.379787450457,1
34.120112981018,2,34.322516925743,161,66.579787450457,1
34.12129130421,3,34.422516925743,161,66.779787450457,1
34.266070712409,2,34.522516925743,162,66.979787450457,1
34.310695994461,3,34.622516925743,162,67.179787450457,1
34.599157169671,1,34.722516925743,163,67.379787450457,1
34.730087006073,1,34.830187006073,163,67.579787450457,1
34.868716141275,1,34.968816141275,164,67.779787450457,1
34.887545638797,1,35.068816141275,164,67.979787450457,1
34.929006893063,2,35.168816141275,165,68.179787450457,1
35.002620003062,2,35.268816141275,165,68.379787450457,1
35.069866054745,2,35.368816141275,166,68.579787450457,1
35.075453060034,3,35.468816141275,166,68.779787450457,1
35.116850952301,4,35.568816141275,167,68.979787450457,1
35.139164873111,5,35.668816141275,167,69.179787450457,1
35.158947823857,6,35.768816141275,168,69.379787450457,1
35.160817370899,7,35.868816141275,168,69.579787450457,1
35.179569266019,7,35.968816141275,169,69.779787450457,1
35.33741053823,7,36.068816141275,169,69.979787450457,1
35.399670272628,7,36.168816141275,170,70.179787450457,1
35.425020843142,8,36.268816141275,170,70.379787450457,1
35.632623949186,7,36.368816141275,171,70.579787450457,1
35.674989659322,7,36.468816141275,171,70.779787450457,1
35.963444088163,6,36.568816141275,172,70.979787450457,1
36.226665974418,4,36.668816141275,172,71.179787450457,1
36.32037984619,4,36.768816141275,173,71.379787450457,1
36.442259526524,4,36.868816141275,173,71.579787450457,1
36.533055929256,4,36.968816141275,174,71.779787450457,1
36.536291609721,5,37.068816141275,174,71.979787450457,1
36.689374732348,4,37.168816141275,175,72.179787450457,1
36.707370466503,5,37.268816141275,175,72.379787450457,1
36.776690443457,5,37.368816141275,176,72.579787450457,1
36.873838659266,5,37.468816141275,176,72.779787450457,1
36.879006949846,6,37.568816141275,177,72.979787450457,1
36.965099313514,7,37.668816141275,177,73.179787450457,1
37.085196404168,6,37.768816141275,178,73.379787450457,1
37.112363211202,7,37.868816141275,178,73.579787450457,1
37.600276500001,3,37.968816141275,179,73.779787450457,1
37.872411325592,1,38.068816141275,179,73.979787450457,1
37.903508106089,2,38.168816141275,180,74.179787450457,1
37.998691076843,2,38.268816141275,180,74.379787450457,1
38.112350726369,2,38.368816141275,181,74.579787450457,1
38.189058691826,2,38.468816141275,181,74.779787450457,1
38.388775888575,1,38.568816141275,182,74.979787450457,1
38.477913746266,1,38.668816141275,182,75.179787450457,1
38.616881452644,1,38.768816141275,183,75.379787450457,1
38.74785998978,1,38.868816141275,183,75.579787450457,1
39.081653423165,1,39.181753423165,182,75.779787450457,1
39.119042072755,1,39.281753423165,183,75.979787450457,1
39.199840078095,1,39.381753423165,183,76.179787450457,1
39.250626590364,2,39.481753423165,184,76.379787450457,1
39.274501877649,3,39.581753423165,184,76.579787450457,1
39.298054334991,3,39.681753423165,185,76.779787450457,1
39.323214196302,4,39.781753423165,185,76.979787450457,1
39.34381740115,5,39.881753423165,186,77.179787450457,1
39.36850332803,6,39.981753423165,186,77.379787450457,1
39.65741088722,4,40.081753423165,187,77.579787450457,1
39.741708764761,4,40.181753423165,187,77.779787450457,1
39.876243508084,4,40.281753423165,188,77.979787450457,1
39.936411406736,4,40.381753423165,188,78.179787450457,1
40.0038358637,4,40.481753423165,189,78.379787450457,1
40.355283731754,2,40.581753423165,189,78.579787450457,1
40.381085008148,3,40.681753423165,190,78.779787450457,1
40.495198798434,2,40.781753423165,190,78.979787450457,1
40.524549563626,3,40.881753423165,191,79.179787450457,1
40.533464992626,4,40.981753423165,191,79.379787450457,1
40.539443088918,5,41.081753423165,192,79.579787450457,1
40.54525032513,6,41.181753423165,192,79.779787450457,1
40.602240081661,6,41.281753423165,193,79.979787450457,1
40.66915145403,7,41.381753423165,193,80.179787450457,1
40.706518433469,7,41.481753423165,194,80.379787450457,1
40.919385442922,6,41.581753423165,194,80.579787450457,1
41.038571253287,6,41.681753423165,195,80.779787450457,1
41.41324071467,3,41.781753423165,195,80.979787450457,1
41.460682343703,4,41.881753423165,196,81.179787450457,1
41.55682630086,4,41.981753423165,196,81.379787450457,1
41.576623074393,5,42.081753423165,197,81.579787450457,1
41.654820646481,5,42.181753423165,197,81.779787450457,1
41.657319481812,6,42.281753423165,198,81.979787450457,1
41.8501554955,5,42.381753423165,198,82.179787450457,1
41.857117262607,6,42.481753423165,199,82.379787450457,1
41.993310435038,5,42.581753423165,199,82.579787450457,1
42.107064285592,5,42.681753423165,200,82.779787450457,1
42.172187358784,6,42.781753423165,200,82.979787450457,1
42.232645480618,6,42.981753423165,200,83.179787450457,1
42.345681035209,6,43.181753423165,200,83.379787450457,1
42.422593015319,6,43.381753423165,200,83.579787450457,1
42.51599904858,6,43.581753423165,200,83.779787450457,1
42.742983050158,5,43.781753423165,200,83.979787450457,1
42.868403377167,5,43.981753423165,200,84.179787450457,1
43.332368629804,1,44.181753423165,200,84.379787450457,1
43.395761631743,1,44.381753423165,200,84.579787450457,1
43.420210733947,2,44.581753423165,200,84.779787450457,1
43.481094025321,3,44.781753423165,200,84.979787450457,1
43.589884468682,2,44.981753423165,200,85.179787450457,1
43.826776285766,1,45.181753423165,200,85.379787450457,1
43.857336775947,2,45.381753423165,200,85.579787450457,1
43.872096379236,3,45.581753423165,200,85.779787450457,1
43.874183101097,4,45.781753423165,200,85.979787450457,1
43.900218242252,4,45.981753423165,200,86.179787450457,1
44.042256587811,4,46.181753423165,200,86.379787450457,1
44.255612916558,3,46.381753423165,200,86.579787450457,1
44.294181685963,3,46.581753423165,200,86.779787450457,1
44.528966062106,2,46.781753423165,200,86.979787450457,1
44.577329900855,3,46.981753423165,200,87.179787450457,1
44.681114908404,3,47.224122061063,200,87.379787450457,1
44.769865101252,3,47.493711538692,200,87.579787450457,1
44.809122404071,3,47.593711538692,200,87.779787450457,1
44.986936737754,2,47.793711538692,200,87.979787450457,1
45.060273505071,3,48.000351525779,200,88.179787450457,1
45.159423934361,3,48.200351525779,200,88.379787450457,1
45.159429469551,4,48.400351525779,200,88.579787450457,1
45.365511593639,3,48.600351525779,200,88.779787450457,1
45.402887923021,3,48.800351525779,200,88.979787450457,1
45.434845388508,4,49.000351525779,200,89.179787450457,1
45.490262471413,4,49.200351525779,200,89.379787450457,1
45.650234415597,4,49.400351525779,200,89.579787450457,1
45.866810783684,3,49.600351525779,200,89.779787450457,1
45.887345560558,3,49.800351525779,200,89.979787450457,1
46.001251325625,3,50.000351525779,200,90.179787450457,1
46.306569792584,1,50.200351525779,200,90.379787450457,1
46.367474253855,2,50.400351525779,200,90.579787450457,1
46.483785582198,1,50.600351525779,200,90.779787450457,1
46.549835890173,2,50.800351525779,200,90.979787450457,1
46.57410773954,3,51.000351525779,200,91.179787450457,1
46.729574033321,2,51.200351525779,200,91.379787450457,1
47.024022061063,1,51.400351525779,200,91.579787450457,1
47.050086074001,1,51.600351525779,200,91.779787450457,1
47.181336873298,1,51.800351525779,200,91.979787450457,1
47.393611538692,1,52.000351525779,200,92.179787450457,1
47.422906684541,1,52.200351525779,200,92.379787450457,1
47.460549619693,2,52.400351525779,200,92.579787450457,1
47.484541971637,3,52.600351525779,200,92.779787450457,1
47.800251525779,1,52.800351525779,200,92.979787450457,1
47.873274292303,1,53.000351525779,200,93.179787450457,1
47.937093152862,1,53.200351525779,200,93.379787450457,1
47.939692927381,2,53.400351525779,200,93.579787450457,1
48.064028005176,2,53.600351525779,200,93.779787450457,1
48.087280507014,3,53.800351525779,200,93.979787450457,1
48.103967971137,3,54.000351525779,200,94.179787450457,1
48.159251808202,4,54.200351525779,200,94.379787450457,1
48.290349045018,4,54.400351525779,200,94.579787450457,1
48.337216692616,4,54.600351525779,200,94.779787450457,1
48.441137256274,4,54.800351525779,200,94.979787450457,1
48.50342018725,4,55.000351525779,200,95.179787450457,1
48.527612151727,5,55.200351525779,200,95.379787450457,1
48.560133753525,6,55.400351525779,200,95.579787450457,1
48.580769552885,7,55.600351525779,200,95.779787450457,1
48.669148118488,7,55.800351525779,200,95.979787450457,1
48.833955735804,6,56.000351525779,200,96.179787450457,1
49.033359655932,5,56.200351525779,200,96.379787450457,1
49.170827651312,5,56.400351525779,200,96.579787450457,1
49.183330910304,6,56.600351525779,200,96.779787450457,1
49.295676960259,6,56.800351525779,200,96.979787450457,1
49.368529344532,6,57.000351525779,200,97.179787450457,1
49.400949255881,6,57.200351525779,200,97.379787450457,1
49.415113459361,7,57.400351525779,200,97.579787450457,1
49.434339603445,8,57.600351525779,200,97.779787450457,1
49.560520870794,8,57.800351525779,200,97.979787450457,1
49.682420805312,8,58.000351525779,200,98.179787450457,1
49.732848798637,8,58.200351525779,200,98.379787450457,1
49.795052490545,9,58.400351525779,200,98.579787450457,1
49.87839031461,9,58.608510483143,200,98.779787450457,1
50.061916654904,8,59.076945751062,199,98.979787450457,1
50.082162531274,9,59.497131693687,198,99.179787450457,1
50.105086963795,9,59.597131693687,198,99.379787450457,1
50.120734540833,10,59.702278997619,199,99.579787450457,1
50.138761970791,11,59.802278997619,199,99.779787450457,1
50.205716029877,11,59.902278997619,200,99.979787450457,1
50.219050092204,12,60.002278997619,200,100.179787450457,1
50.262995631253,13,60.202278997619,200,100.379787450457,1
50.391038066651,13,60.402278997619,200,100.579787450457,1
50.673101661493,11,60.602278997619,200,100.779787450457,1
50.676194290649,12,60.802278997619,200,100.979787450457,1
50.821149768292,11,61.002278997619,200,101.179787450457,1
50.958584069734,11,61.202278997619,200,101.379787450457,1
51.096680379301,11,61.402278997619,200,101.579787450457,1
51.106397147138,11,61.602278997619,200,101.779787450457,1
51.340446343204,10,61.802278997619,200,101.979787450457,1
51.364966152468,11,62.002278997619,200,102.179787450457,1
51.373677010794,12,62.323686714201,200,102.379787450457,1
51.512008657409,11,62.423686714201,200,102.579787450457,1
51.592347833676,12,62.625425847562,200,102.779787450457,1
51.723910459506,11,62.825425847562,200,102.979787450457,1
51.811731967378,11,63.025425847562,200,103.179787450457,1
51.816400741742,12,63.225425847562,200,103.379787450457,1
52.143250381824,10,63.425425847562,200,103.579787450457,1
52.16671596675,11,63.625425847562,200,103.779787450457,1
52.201267925121,11,63.825425847562,200,103.979787450457,1
52.235083396605,12,64.025425847562,200,104.179787450457,1
52.262636190309,13,64.225425847562,200,104.379787450457,1
52.375728038228,13,64.425425847562,200,104.579787450457,1
52.386296755638,14,64.625425847562,200,104.779787450457,1
52.392808042117,15,64.825425847562,200,104.979787450457,1
52.394464651559,16,65.025425847562,200,105.179787450457,1
52.475578753782,16,65.225425847562,200,105.379787450457,1
52.740834605334,14,65.425425847562,200,105.579787450457,1
52.741762907772,15,65.625425847562,200,105.779787450457,1
52.852603883193,15,65.825425847562,200,105.979787450457,1
53.031602843641,14,66.025425847562,200,106.179787450457,1
53.185385715089,14,66.225425847562,200,106.379787450457,1
53.600982824645,10,66.425425847562,200,106.579787450457,1
53.634073812763,11,66.625425847562,200,106.779787450457,1
53.755642860099,11,66.825425847562,200,106.979787450457,1
53.843930914595,11,67.025425847562,200,107.179787450457,1
53.863975134104,12,67.225425847562,200,107.379787450457,1
53.870584335173,13,67.425425847562,200,107.579787450457,1
53.942408983184,13,67.625425847562,200,107.779787450457,1
54.008889758139,13,67.825425847562,200,107.979787450457,1
54.095746331286,14,68.025425847562,200,108.179787450457,1
54.475148709595,11,68.225425847562,200,108.379787450457,1
54.630049877511,10,68.425425847562,200,108.579787450457,1
54.839205534773,9,68.625425847562,200,108.779787450457,1
54.9324667203,9,68.825425847562,200,108.979787450457,1
54.973739706973,10,69.025425847562,200,109.179787450457,1
54.998381289194,11,69.225425847562,200,109.379787450457,1
55.324273386912,8,69.425425847562,200,109.579787450457,1
55.385001315774,9,69.625425847562,200,109.779787450457,1
55.411359027058,9,69.825425847562,200,109.979787450457,1
55.622447904496,8,70.025425847562,200,110.179787450457,1
55.920667972043,6,70.225425847562,200,110.379787450457,1
55.988448172249,7,70.425425847562,200,110.579787450457,1
56.272112191587,5,70.625425847562,200,110.779787450457,1
56.397835891144,5,70.825425847562,200,110.979787450457,1
56.558381767451,4,71.025425847562,200,111.179787450457,1
56.624966016115,4,71.225425847562,200,111.379787450457,1
56.724512380452,4,71.425425847562,200,111.579787450457,1
56.847800426755,4,71.625425847562,200,111.779787450457,1
57.055176573065,3,71.825425847562,200,111.979787450457,1
57.12412002685,3,72.025425847562,200,112.179787450457,1
57.158795357229,4,72.225425847562,200,112.379787450457,1
57.344938521527,3,72.425425847562,200,112.579787450457,1
57.533948691337,2,72.625425847562,200,112.779787450457,1
57.555558312996,3,72.825425847562,200,112.979787450457,1
57.651759505655,3,73.025425847562,200,113.179787450457,1
57.80018375392,3,73.225425847562,200,113.379787450457,1
57.801516278403,3,73.425425847562,200,113.579787450457,1
58.167482011479,1,73.625425847562,200,113.779787450457,1
58.210135592683,1,73.825425847562,200,113.979787450457,1
58.408410483143,1,74.025425847562,200,114.179787450457,1
58.424443892592,1,74.225425847562,200,114.379787450457,1
58.576050785575,1,74.425425847562,200,114.579787450457,1
58.976845751062,1,74.625425847562,200,114.779787450457,1
59.397031693687,1,74.825425847562,200,114.979787450457,1
59.462111427923,1,75.025425847562,200,115.179787450457,1
59.602178997619,1,75.225425847562,200,115.379787450457,1
59.670973345465,1,75.425425847562,200,115.579787450457,1
59.671378977597,2,75.625425847562,200,115.779787450457,1
59.773397686392,2,75.825425847562,200,115.979787450457,1
59.804797476198,2,76.025425847562,200,116.179787450457,1
59.850776607976,3,76.225425847562,200,116.379787450457,1
59.903623330806,3,76.425425847562,200,116.579787450457,1
59.918345834537,4,76.625425847562,200,116.779787450457,1
59.974246601536,5,76.825425847562,200,116.979787450457,1
60.14690993951,4,77.025425847562,200,117.179787450457,1
60.182269597036,5,77.225425847562,200,117.379787450457,1
60.203322925856,5,77.425425847562,200,117.579787450457,1
60.254594390119,6,77.625425847562,200,117.779787450457,1
60.326198921918,6,77.825425847562,200,117.979787450457,1
60.339056945646,7,78.025425847562,200,118.179787450457,1
60.364458083481,8,78.225425847562,200,118.379787450457,1
60.759221410237,5,78.425425847562,200,118.579787450457,1
60.769518246609,6,78.625425847562,200,118.779787450457,1
60.821626128717,6,78.825425847562,200,118.979787450457,1
61.019815162828,5,79.025425847562,200,119.179787450457,1
61.104028793112,5,79.225425847562,200,119.379787450457,1
61.46492289361,3,79.425425847562,200,119.579787450457,1
61.507022223415,3,79.625425847562,200,119.779787450457,1
61.831018520105,1,79.825425847562,200,119.979787450457,1
61.98654795614,1,80.025425847562,200,120.179787450457,1
62.223586714201,1,80.225425847562,200,120.379787450457,1
62.276582872128,1,80.425425847562,200,120.579787450457,1
62.425325847562,1,80.625425847562,200,120.779787450457,1
62.469840781503,1,80.825425847562,200,120.979787450457,1
62.510359069737,2,81.025425847562,200,121.179787450457,1
62.561358153122,2,81.225425847562,200,121.379787450457,1
62.569816102298,3,81.425425847562,200,121.579787450457,1
62.605745492811,4,81.625425847562,200,121.779787450457,1
62.658042258177,4,81.825425847562,200,121.979787450457,1
62.807305474596,4,82.025425847562,200,122.179787450457,1
62.83373252101,4,82.225425847562,200,122.379787450457,1
63.094389701242,3,82.425425847562,200,122.579787450457,1
63.108602252381,4,82.625425847562,200,122.779787450457,1
63.147952493493,4,82.825425847562,200,122.979787450457,1
63.153443230748,5,83.025425847562,200,123.179787450457,1
63.458929208649,3,83.225425847562,200,123.379787450457,1
63.588243994529,3,83.425425847562,200,123.579787450457,1
63.589648653653,4,83.625425847562,200,123.779787450457,1
63.590797978674,5,83.825425847562,200,123.979787450457,1
63.667040347095,5,84.025425847562,200,124.179787450457,1
63.814260762894,5,84.225425847562,200,124.379787450457,1
63.850584984784,5,84.425425847562,200,124.579787450457,1
63.86647830275,6,84.625425847562,200,124.779787450457,1
64.080916849201,5,84.825425847562,200,124.979787450457,1
64.089203076493,6,85.025425847562,200,125.179787450457,1
64.118054347528,7,85.225425847562,200,125.379787450457,1
64.127441802256,7,85.425425847562,200,125.579787450457,1
64.240579679016,7,85.625425847562,200,125.779787450457,1
64.352068421207,7,85.825425847562,200,125.979787450457,1
64.518364999274,7,86.025425847562,200,126.179787450457,1
64.546517401521,7,86.225425847562,200,126.379787450457,1
64.603106855684,8,86.425425847562,200,126.579787450457,1
64.657672627161,8,86.625425847562,200,126.779787450457,1
64.797159536287,8,86.825425847562,200,126.979787450457,1
64.878661369377,8,87.025425847562,200,127.179787450457,1
65.055623351698,7,87.225425847562,200,127.379787450457,1
65.252629108257,6,87.425425847562,200,127.579787450457,1
65.300276966517,7,87.625425847562,200,127.779787450457,1
65.430121530077,6,87.825425847562,200,127.979787450457,1
65.440274938471,7,88.025425847562,200,128.179787450457,1
65.471790941343,8,88.225425847562,200,128.379787450457,1
65.501381128668,9,88.425425847562,200,128.579787450457,1
65.51547791711,10,88.625425847562,200,128.779787450457,1
65.605110837612,10,88.825425847562,200,128.979787450457,1
65.610807490859,11,89.025425847562,200,129.179787450457,1
65.675524961263,11,89.225425847562,200,129.379787450457,1
65.711421093101,12,89.425425847562,200,129.579787450457,1
65.7783513803,12,89.625425847562,200,129.779787450457,1
65.808748536223,13,89.825425847562,200,129.979787450457,1
65.870092445182,13,90.025425847562,200,130.179787450457,1
65.930998890714,13,90.225425847562,200,130.379787450457,1
66.005357209892,14,90.425425847562,200,130.579787450457,1
66.120331348667,14,90.625425847562,200,130.779787450457,1
66.178673725771,14,90.825425847562,200,130.979787450457,1
66.297623350904,14,91.025425847562,200,131.179787450457,1
66.489107576668,13,91.225425847562,200,131.379787450457,1
66.522447910506,14,91.425425847562,200,131.579787450457,1
66.57926495888,14,91.625425847562,200,131.779787450457,1
66.627056757631,14,91.825425847562,200,131.979787450457,1
66.802428222133,14,92.025425847562,200,132.179787450457,1
66.822413775925,15,92.225425847562,200,132.379787450457,1
66.893614582487,15,92.425425847562,200,132.579787450457,1
67.04898913269,14,92.625425847562,200,132.779787450457,1
67.058022857098,15,92.825425847562,200,132.979787450457,1
67.063875646993,16,93.025425847562,200,133.179787450457,1
67.171768337843,16,93.225425847562,200,133.379787450457,1
67.291169674903,16,93.425425847562,200,133.579787450457,1
67.314311772099,17,93.625425847562,200,133.779787450457,1
67.465133295262,16,93.825425847562,200,133.979787450457,1
67.653045138683,15,94.025425847562,200,134.179787450457,1
67.803286418054,15,94.225425847562,200,134.379787450457,1
67.917655480113,15,94.425425847562,200,134.579787450457,1
67.947687988142,15,94.625425847562,200,134.779787450457,1
67.967334176732,16,94.825425847562,200,134.979787450457,1
68.014144822055,17,95.025425847562,200,135.179787450457,1
68.021386733066,18,95.225425847562,200,135.379787450457,1
68.109962797669,18,95.425425847562,200,135.579787450457,1
68.110936338603,19,95.625425847562,200,135.779787450457,1
68.142794723391,19,95.825425847562,200,135.979787450457,1
68.365403122335,18,96.025425847562,200,136.179787450457,1
68.411742125089,19,96.225425847562,200,136.379787450457,1
68.426067427227,19,96.425425847562,200,136.579787450457,1
68.448014243316,20,96.625425847562,200,136.779787450457,1
68.599060403438,20,96.825425847562,200,136.979787450457,1
68.660652331816,20,97.025425847562,200,137.179787450457,1
68.919897192694,19,97.225425847562,200,137.379787450457,1
68.924460997644,20,97.425425847562,200,137.579787450457,1
69.050050346078,19,97.625425847562,200,137.779787450457,1
69.210892130987,19,97.825425847562,200,137.979787450457,1
69.278387228352,19,98.025425847562,200,138.179787450457,1
69.286395113946,20,98.225425847562,200,138.379787450457,1
69.349788326595,20,98.425425847562,200,138.579787450457,1
69.422942860508,21,98.625425847562,200,138.779787450457,1
69.637252830551,19,98.825425847562,200,138.979787450457,1
69.673897959734,20,99.025425847562,200,139.179787450457,1
69.740921147392,20,99.225425847562,200,139.379787450457,1
69.827087896572,20,99.425425847562,200,139.579787450457,1
69.880628331681,21,99.625425847562,200,139.779787450457,1
70.201109214642,19,99.825425847562,200,139.979787450457,1
70.220238819232,20,100.025425847562,200,140.179787450457,1
70.323963328642,20,100.225425847562,200,140.379787450457,1
70.388454177759,20,100.425425847562,200,140.579787450457,1
70.392054460734,21,100.625425847562,200,140.779787450457,1
70.545139302628,20,100.825425847562,200,140.979787450457,1
70.60142182281,21,101.025425847562,200,141.179787450457,1
70.682711658929,21,101.225425847562,200,141.379787450457,1
70.754050087209,21,101.425425847562,200,141.579787450457,1
70.771469603246,22,101.625425847562,200,141.779787450457,1
70.848294937433,22,101.825425847562,200,141.979787450457,1
70.863823495983,23,102.025425847562,200,142.179787450457,1
70.978203033895,23,102.225425847562,200,142.379787450457,1
71.083031944391,23,102.425425847562,200,142.579787450457,1
71.11554903144,24,102.625425847562,200,142.779787450457,1
71.19303326939,24,102.825425847562,200,142.979787450457,1
71.206828592583,25,103.025425847562,200,143.179787450457,1
71.246234349778,25,103.225425847562,200,143.379787450457,1
71.296103583065,26,103.425425847562,200,143.579787450457,1
71.312004784745,27,103.625425847562,200,143.779787450457,1
71.6252877337,25,103.825425847562,200,143.979787450457,1
71.642707605358,25,104.025425847562,200,144.179787450457,1
71.663426123583,26,104.225425847562,200,144.379787450457,1
71.677284805725,27,104.425425847562,200,144.579787450457,1
71.911608798734,26,104.625425847562,200,144.779787450457,1
71.998102609677,26,104.825425847562,200,144.979787450457,1
72.076586311636,26,105.025425847562,200,145.179787450457,1
72.086266058867,27,105.225425847562,200,145.379787450457,1
72.147314343367,27,105.425425847562,200,145.579787450457,1
72.388715986418,26,105.625425847562,200,145.779787450457,1
72.60245815546,25,105.825425847562,200,145.979787450457,1
72.611119854905,26,106.025425847562,200,146.179787450457,1
72.672480275879,26,106.225425847562,200,146.379787450457,1
72.833613475791,25,106.425425847562,200,146.579787450457,1
72.962409673299,25,106.625425847562,200,146.779787450457,1
73.172073300651,24,106.825425847562,200,146.979787450457,1
73.222993549338,25,107.025425847562,200,147.179787450457,1
73.232805501601,25,107.225425847562,200,147.379787450457,1
73.467192465681,24,107.425425847562,200,147.579787450457,1
73.522758356997,25,107.625425847562,200,147.779787450457,1
73.639884726492,24,107.825425847562,200,147.979787450457,1
73.703982081018,25,108.025425847562,200,148.179787450457,1
73.824253459401,25,108.225425847562,200,148.379787450457,1
73.911050457603,25,108.425425847562,200,148.579787450457,1
73.950758552605,25,108.625425847562,200,148.779787450457,1
74.076722669667,25,108.825425847562,200,148.979787450457,1
74.218101002621,25,109.025425847562,200,149.179787450457,1
74.220845212664,26,109.225425847562,200,149.379787450457,1
74.321922128974,26,109.425425847562,200,149.579787450457,1
74.453374338782,25,109.625425847562,200,149.779787450457,1
74.480820690982,26,109.825425847562,200,149.979787450457,1
74.62647671214,25,110.025425847562,200,150.179787450457,1
74.643976216962,26,110.225425847562,200,150.379787450457,1
74.644957660602,27,110.425425847562,200,150.579787450457,1
74.804113272881,27,110.625425847562,200,150.779787450457,1
74.840971566842,27,110.825425847562,200,150.979787450457,1
75.160797064519,25,111.025425847562,200,151.179787450457,1
75.18730637466,26,111.225425847562,200,151.379787450457,1
75.248580919146,26,111.425425847562,200,151.579787450457,1
75.318583482758,27,111.625425847562,200,151.779787450457,1
75.407983623026,27,111.825425847562,200,151.979787450457,1
75.715291145305,25,112.025425847562,200,152.179787450457,1
75.91028883649,24,112.225425847562,200,152.379787450457,1
75.991890692886,24,112.425425847562,200,152.579787450457,1
76.052996449015,24,112.625425847562,200,152.779787450457,1
76.063251638315,25,112.825425847562,200,152.979787450457,1
76.366645895555,23,113.025425847562,200,153.179787450457,1
76.463846984661,23,113.225425847562,200,153.379787450457,1
76.549590494922,23,113.425425847562,200,153.579787450457,1
76.748384440406,22,113.625425847562,200,153.779787450457,1
76.920291371585,22,113.825425847562,200,153.979787450457,1
76.937445234322,22,114.025425847562,200,154.179787450457,1
77.176963213261,21,114.225425847562,200,154.379787450457,1
77.665313112296,17,114.425425847562,200,154.579787450457,1
77.834336607772,16,114.625425847562,200,154.779787450457,1
77.843219846037,17,114.825425847562,200,154.979787450457,1
77.860585502358,18,115.025425847562,200,155.179787450457,1
77.870507655006,19,115.225425847562,200,155.379787450457,1
77.969635605582,19,115.425425847562,200,155.579787450457,1
78.07004072297,19,115.625425847562,200,155.779787450457,1
78.120862668375,20,115.825425847562,200,155.979787450457,1
78.419040634108,18,116.025425847562,200,156.179787450457,1
78.425517203387,18,116.225425847562,200,156.379787450457,1
78.701577648955,17,116.425425847562,200,156.579787450457,1
78.756748010214,17,116.625425847562,200,156.779787450457,1
78.816056169947,18,116.825425847562,200,156.979787450457,1
78.845989008189,18,117.025425847562,200,157.179787450457,1
78.976072750935,18,117.225425847562,200,157.379787450457,1
79.165145666378,17,117.425425847562,200,157.579787450457,1
79.300717517763,17,117.625425847562,200,157.779787450457,1
79.304104703287,18,117.825425847562,200,157.979787450457,1
79.340775218666,18,118.025425847562,200,158.179787450457,1
79.660151405934,16,118.225425847562,200,158.379787450457,1
79.672908763314,17,118.425425847562,200,158.579787450457,1
79.716816461873,18,118.625425847562,200,158.779787450457,1
79.775493342541,18,118.825425847562,200,158.979787450457,1
79.819608823614,19,119.025425847562,200,159.179787450457,1
79.869329752248,19,119.225425847562,200,159.379787450457,1
79.870976080646,20,119.425425847562,200,159.579787450457,1
79.946872558071,20,119.625425847562,200,159.779787450457,1
79.967357784786,21,119.825425847562,200,159.979787450457,1
80.154021831804,20,120.025425847562,200,160.179787450457,1
80.205314530987,21,120.225425847562,200,160.379787450457,1
80.282160788726,21,120.425425847562,200,160.579787450457,1
80.547079614949,19,120.625425847562,200,160.779787450457,1
80.661107502641,19,120.825425847562,200,160.979787450457,1
80.671600777374,20,121.025425847562,200,161.179787450457,1
80.76555097596,20,121.225425847562,200,161.379787450457,1
81.056142936326,18,121.425425847562,200,161.579787450457,1
81.06651001999,19,121.625425847562,200,161.779787450457,1
81.270139438717,18,121.825425847562,200,161.979787450457,1
81.27979356662,19,122.025425847562,200,162.179787450457,1
81.340336944784,19,122.225425847562,200,162.379787450457,1
81.346096236466,20,122.425425847562,200,162.579787450457,1
81.385652796506,21,122.625425847562,200,162.779787450457,1
81.394703543521,22,122.825425847562,200,162.979787450457,1
81.421197037285,23,123.025425847562,200,163.179787450457,1
81.448269476359,23,123.225425847562,200,163.379787450457,1
81.543581730186,23,123.425425847562,200,163.579787450457,1
81.726535945772,22,123.625425847562,200,163.779787450457,1
81.729899337864,23,123.825425847562,200,163.979787450457,1
81.803791339858,24,124.025425847562,200,164.179787450457,1
81.805364252235,25,124.225425847562,200,164.379787450457,1
81.877328742004,25,124.425425847562,200,164.579787450457,1
81.933329579337,25,124.625425847562,200,164.779787450457,1
82.03826379593,25,124.825425847562,200,164.979787450457,1
82.045313990766,26,125.025425847562,200,165.179787450457,1
82.123969899955,27,125.225425847562,200,165.379787450457,1
82.152997241467,27,125.425425847562,200,165.579787450457,1
82.156297639973,28,125.625425847562,200,165.779787450457,1
82.181292721638,29,125.825425847562,200,165.979787450457,1
82.268078908627,29,126.025425847562,200,166.179787450457,1
82.2972735158,30,126.225425847562,200,166.379787450457,1
82.444715738278,29,126.425425847562,200,166.579787450457,1
82.458763309974,30,126.625425847562,200,166.779787450457,1
82.505960118751,31,126.825425847562,200,166.979787450457,1
82.507171043257,32,127.025425847562,200,167.179787450457,1
82.574706630274,32,127.317216006624,200,167.379787450457,1
82.586978131006,33,127.417216006624,200,167.579787450457,1
82.986734478678,30,127.620782151681,200,167.779787450457,1
83.083093748307,30,127.935281906951,200,167.979787450457,1
83.111151340925,31,128.079912664167,200,168.179787450457,1
83.477107552771,28,128.179912664167,200,168.379787450457,1
83.523999685498,29,128.379912664167,200,168.579787450457,1
83.988027685093,25,128.579912664167,200,168.779787450457,1
83.992701175267,26,128.779912664167,200,168.979787450457,1
84.045304254843,26,128.979912664167,200,169.179787450457,1
84.082420426923,27,129.179912664167,200,169.379787450457,1
84.100208102709,28,129.379912664167,200,169.579787450457,1
84.278301570198,27,129.579912664167,200,169.779787450457,1
84.380123328079,27,129.779912664167,200,169.979787450457,1
84.544641670786,26,129.979912664167,200,170.179787450457,1
84.612036015208,27,130.179912664167,200,170.379787450457,1
84.714207849949,27,130.379912664167,200,170.579787450457,1
85.168990235135,23,130.579912664167,200,170.779787450457,1
85.214893027884,24,130.779912664167,200,170.979787450457,1
85.221646443572,25,130.979912664167,200,171.179787450457,1
85.259152637884,25,131.179912664167,200,171.379787450457,1
85.412046524955,25,131.540573336463,200,171.579787450457,1
85.573912631597,24,131.640573336463,200,171.779787450457,1
85.607936353558,25,131.843459767573,200,171.979787450457,1
85.615241519273,26,132.043459767573,200,172.179787450457,1
85.642872038566,26,132.243459767573,200,172.379787450457,1
85.757938297859,26,132.443459767573,200,172.579787450457,1
85.866558628975,26,132.64640130489,200,172.779787450457,1
85.914479898423,27,132.84640130489,200,172.979787450457,1
85.942724569619,27,133.04640130489,200,173.179787450457,1
86.043217900525,27,133.24640130489,200,173.379787450457,1
86.152837156626,27,133.44640130489,200,173.579787450457,1
86.414401249868,26,133.64640130489,200,173.779787450457,1
86.487239007171,26,133.84640130489,200,173.979787450457,1
86.679612864238,25,134.04640130489,200,174.179787450457,1
86.734793076402,25,134.24640130489,200,174.379787450457,1
86.803644465206,26,134.44640130489,200,174.579787450457,1
86.884542434719,26,134.64640130489,200,174.779787450457,1
86.940375113645,26,134.84640130489,200,174.979787450457,1
86.974209725515,27,135.074681545182,200,175.179787450457,1
87.147121689283,26,135.274681545182,200,175.379787450457,1
87.269734910506,26,135.474681545182,200,175.579787450457,1
87.403762506704,26,135.674681545182,200,175.779787450457,1
87.457352386238,26,135.874681545182,200,175.979787450457,1
87.516618128032,27,136.074681545182,200,176.179787450457,1
87.561332118292,27,136.274681545182,200,176.379787450457,1
87.908396626346,25,136.474681545182,200,176.579787450457,1
88.084805365565,24,136.674681545182,200,176.779787450457,1
88.129929245414,24,136.874681545182,200,176.979787450457,1
88.388911859964,23,137.074681545182,200,177.179787450457,1
88.439584181354,23,137.274681545182,200,177.379787450457,1
88.44429410846,24,137.474681545182,200,177.579787450457,1
88.578496082578,24,137.674681545182,200,177.779787450457,1
88.604974309912,25,137.874681545182,200,177.979787450457,1
88.664591499052,25,138.074681545182,200,178.179787450457,1
88.70744225947,26,138.274681545182,200,178.379787450457,1
88.984356707754,24,138.474681545182,200,178.579787450457,1
89.15307853663,23,138.674681545182,200,178.779787450457,1
89.182815889421,24,138.874681545182,200,178.979787450457,1
89.606117469054,21,139.074681545182,200,179.179787450457,1
89.654205291484,21,139.274681545182,200,179.379787450457,1
90.001490862074,19,139.474681545182,200,179.579787450457,1
90.120939856425,19,139.674681545182,200,179.779787450457,1
90.356273333232,17,139.874681545182,200,179.979787450457,1
90.583644049901,16,140.074681545182,200,180.179787450457,1
90.618820788444,17,140.274681545182,200,180.379787450457,1
90.631724638762,17,140.474681545182,200,180.579787450457,1
91.114696663559,14,140.674681545182,200,180.779787450457,1
91.142343935213,14,140.874681545182,200,180.979787450457,1
91.171034844751,15,141.074681545182,200,181.179787450457,1
91.196946070339,16,141.274681545182,200,181.379787450457,1
91.208140524453,17,141.474681545182,200,181.579787450457,1
91.275378814657,17,141.674681545182,200,181.779787450457,1
91.576875641876,15,141.874681545182,200,181.979787450457,1
91.798997060196,14,142.074681545182,200,182.179787450457,1
91.825578715098,14,142.274681545182,200,182.379787450457,1
91.869912154698,15,142.474681545182,200,182.579787450457,1
91.986955727699,15,142.674681545182,200,182.779787450457,1
92.035607641675,15,142.874681545182,200,182.979787450457,1
92.041620478588,16,143.074681545182,200,183.179787450457,1
92.290183587023,15,143.274681545182,200,183.379787450457,1
92.421379895131,15,143.474681545182,200,183.579787450457,1
92.433463034757,15,143.674681545182,200,183.779787450457,1
92.646933274211,14,143.874681545182,200,183.979787450457,1
92.746663166628,14,144.074681545182,200,184.179787450457,1
92.778468621147,15,144.274681545182,200,184.379787450457,1
92.792718915712,16,144.474681545182,200,184.579787450457,1
92.840370497809,16,144.674681545182,200,184.779787450457,1
92.887250066973,17,144.874681545182,200,184.979787450457,1
92.934137882536,17,145.074681545182,200,185.179787450457,1
92.973354011498,18,145.274681545182,200,185.379787450457,1
93.111499919483,18,145.474681545182,200,185.579787450457,1
93.225479460149,17,145.674681545182,200,185.779787450457,1
93.252635039317,18,145.874681545182,200,185.979787450457,1
93.411370762286,18,146.074681545182,200,186.179787450457,1
93.430227234711,18,146.274681545182,200,186.379787450457,1
93.500331785644,19,146.474681545182,200,186.579787450457,1
93.559986777332,19,146.674681545182,200,186.779787450457,1
93.595118905486,20,146.874681545182,200,186.979787450457,1
93.631426789504,20,147.074681545182,200,187.179787450457,1
93.848549377639,19,147.274681545182,200,187.379787450457,1
94.031302004421,18,147.474681545182,200,187.579787450457,1
94.074668489958,19,147.674681545182,200,187.779787450457,1
94.101815486601,20,147.874681545182,200,187.979787450457,1
94.23590565906,19,148.074681545182,200,188.179787450457,1
94.305699413943,20,148.274681545182,200,188.379787450457,1
94.386748728661,20,148.474681545182,200,188.579787450457,1
94.672491263443,18,148.674681545182,200,188.779787450457,1
94.694995512829,19,148.874681545182,200,188.979787450457,1
94.795507077686,19,149.074681545182,200,189.179787450457,1
94.875029297817,19,149.274681545182,200,189.379787450457,1
95.076987748139,18,149.474681545182,200,189.579787450457,1
95.150310282007,18,149.674681545182,200,189.779787450457,1
95.432001455003,16,149.874681545182,200,189.979787450457,1
95.47489263858,17,150.074681545182,200,190.179787450457,1
95.613828489275,17,150.274681545182,200,190.379787450457,1
95.616321298848,18,150.474681545182,200,190.579787450457,1
95.736577033319,17,150.674681545182,200,190.779787450457,1
95.752691291202,18,150.874681545182,200,190.979787450457,1
96.096785695961,16,151.074681545182,200,191.179787450457,1
96.110925007234,17,151.274681545182,200,191.379787450457,1
96.629437949537,12,151.474681545182,200,191.579787450457,1
96.75250983464,12,151.674681545182,200,191.779787450457,1
96.812625299278,13,151.874681545182,200,191.979787450457,1
96.936093286883,12,152.074681545182,200,192.179787450457,1
96.943443924625,13,152.274681545182,200,192.379787450457,1
97.03805409875,13,152.474681545182,200,192.579787450457,1
97.072697431499,14,152.674681545182,200,192.779787450457,1
97.184143254671,14,152.874681545182,200,192.979787450457,1
97.200672555903,15,153.074681545182,200,193.179787450457,1
97.260005612729,15,153.274681545182,200,193.379787450457,1
97.314045882489,16,153.474681545182,200,193.579787450457,1
97.433144027829,15,153.674681545182,200,193.779787450457,1
97.447218543372,16,153.874681545182,200,193.979787450457,1
97.494752510336,17,154.074681545182,200,194.179787450457,1
97.587416370366,17,154.274681545182,200,194.379787450457,1
97.597955983357,18,154.474681545182,200,194.579787450457,1
97.646213504873,18,154.674681545182,200,194.779787450457,1
97.968745113245,16,154.874681545182,200,194.979787450457,1
98.194492792321,15,155.074681545182,200,195.179787450457,1
98.202011973237,16,155.274681545182,200,195.379787450457,1
98.545574312485,13,155.474681545182,200,195.579787450457,1
98.54752324178,14,155.674681545182,200,195.779787450457,1
98.62668415124,14,155.874681545182,200,195.979787450457,1
99.015775160281,12,156.074681545182,200,196.179787450457,1
99.047909190568,12,156.274681545182,200,196.379787450457,1
99.063982194625,13,156.474681545182,200,196.579787450457,1
99.153687496036,13,156.674681545182,200,196.779787450457,1
99.18362279633,14,156.874681545182,200,196.979787450457,1
99.41069380707,13,157.074681545182,200,197.179787450457,1
99.434968350806,13,157.274681545182,200,197.379787450457,1
99.487179481247,14,157.474681545182,200,197.579787450457,1
99.57390868313,14,157.674681545182,200,197.779787450457,1
99.654222360322,14,157.874681545182,200,197.979787450457,1
100.026163191412,11,158.074681545182,200,198.179787450457,1
100.057860929401,12,158.274681545182,200,198.379787450457,1
100.089745034242,13,158.474681545182,200,198.579787450457,1
100.150523510654,13,158.674681545182,200,198.779787450457,1
100.501429865754,11,158.874681545182,200,198.979787450457,1
100.55279842708,11,159.074681545182,200,199.179787450457,1
100.555381231523,12,159.274681545182,200,199.379787450457,1
100.583938123573,13,159.474681545182,200,199.579787450457,1
100.802902795029,12,159.674681545182,200,199.779787450457,1
100.873397727167,12,159.874681545182,200,199.979787450457,1
100.996706599889,12,160.074681545182,200,,
101.033868175372,12,160.274681545182,200,,
101.066409847088,13,160.474681545182,200,,
101.113096281444,14,160.674681545182,200,,
101.338345568451,12,160.874681545182,200,,
101.412783394591,13,161.074681545182,200,,
101.415471456542,14,161.274681545182,200,,
101.554339183929,13,161.474681545182,200,,
101.652592018201,13,161.674681545182,200,,
101.693164652588,14,161.874681545182,200,,
101.733144179836,14,162.074681545182,200,,
101.991055492915,13,162.274681545182,200,,
102.332547983158,10,162.474681545182,200,,
102.530829241185,9,162.674681545182,200,,
102.549290828476,10,162.874681545182,200,,
102.554282388719,11,163.074681545182,200,,
102.786034994976,10,163.274681545182,200,,
102.815290055095,11,163.474681545182,200,,
102.855328208241,11,163.674681545182,200,,
102.914411730281,12,163.874681545182,200,,
103.134444662325,10,164.074681545182,200,,
103.145496249985,11,164.274681545182,200,,
103.217332833506,12,164.474681545182,200,,
103.260176936385,12,164.674681545182,200,,
103.331640355123,12,164.874681545182,200,,
103.466385237492,12,165.074681545182,200,,
103.515296078554,13,165.274681545182,200,,
103.629400411979,12,165.474681545182,200,,
103.704921593755,13,165.674681545182,200,,
103.802309452903,13,165.874681545182,200,,
104.091821214605,11,166.074681545182,200,,
104.215791022667,11,166.274681545182,200,,
104.439155007777,9,166.474681545182,200,,
104.462086724941,10,166.674681545182,200,,
104.575132444772,10,166.874681545182,200,,
104.616941610666,11,167.074681545182,200,,
104.718836928774,11,167.274681545182,200,,
104.831612972131,10,167.474681545182,200,,
104.911100255738,11,167.674681545182,200,,
105.122490937203,10,167.874681545182,200,,
105.154330238809,10,168.074681545182,200,,
105.232785908501,10,168.274681545182,200,,
105.248834319237,11,168.474681545182,200,,
105.282060381595,12,168.674681545182,200,,
105.476065202583,11,168.874681545182,200,,
105.479135379884,12,169.074681545182,200,,
105.579936733932,12,169.274681545182,200,,
105.70384038467,12,169.474681545182,200,,
105.739456962826,12,169.674681545182,200,,
105.740248497477,13,169.874681545182,200,,
105.801907806329,14,170.074681545182,200,,
105.848537508973,14,170.274681545182,200,,
105.851020829748,15,170.474681545182,200,,
105.926637454527,15,170.674681545182,200,,
106.008296723412,16,170.874681545182,200,,
106.263544372767,14,171.074681545182,200,,
106.308353169605,15,171.274681545182,200,,
106.317728708366,16,171.474681545182,200,,
106.387586808974,16,171.674681545182,200,,
106.439664695461,16,171.874681545182,200,,
106.456344271273,17,172.074681545182,200,,
106.45880563568,18,172.274681545182,200,,
106.514232483021,19,172.474681545182,200,,
106.556180415368,19,172.674681545182,200,,
106.792809441753,18,172.874681545182,200,,
106.890156696118,18,173.074681545182,200,,
106.891011497983,19,173.274681545182,200,,
106.923732536116,20,173.474681545182,200,,
107.270671919994,17,173.674681545182,200,,
107.294212506644,18,173.874681545182,200,,
107.411619520323,18,174.074681545182,200,,
107.423915777012,19,174.274681545182,200,,
107.434387004355,19,174.474681545182,200,,
107.520458475106,20,174.674681545182,200,,
107.554675944268,20,174.874681545182,200,,
107.673508860297,20,175.074681545182,200,,
107.75096053909,20,175.274681545182,200,,
107.86242163939,20,175.474681545182,200,,
107.991210663301,20,175.674681545182,200,,
108.288531497249,18,175.874681545182,200,,
108.337775634887,18,176.074681545182,200,,
108.338046322345,19,176.274681545182,200,,
108.363804808979,20,176.474681545182,200,,
108.467989255461,20,176.674681545182,200,,
108.528660496385,20,176.874681545182,200,,
108.620387676076,21,177.074681545182,200,,
108.97823784866,18,177.274681545182,200,,
109.067090719893,18,177.474681545182,200,,
109.246558031293,17,177.674681545182,200,,
109.575622914319,15,177.874681545182,200,,
109.82188734126,14,178.074681545182,200,,
109.823588903633,15,178.274681545182,200,,
109.933635756681,14,178.474681545182,200,,
110.052867334103,14,178.674681545182,200,,
110.110968199649,15,178.874681545182,200,,
110.278996439657,14,179.074681545182,200,,
110.394543912532,14,179.274681545182,200,,
110.465839560445,14,179.474681545182,200,,
110.570422089724,14,179.674681545182,200,,
110.611063376399,15,179.874681545182,200,,
110.614016557515,16,180.074681545182,200,,
110.770482212585,15,180.274681545182,200,,
111.02247108197,14,180.474681545182,200,,
111.032701260071,14,180.674681545182,200,,
111.110889702381,15,180.874681545182,200,,
111.169235719612,15,181.074681545182,200,,
111.641875239298,11,181.274681545182,200,,
111.715262236,12,181.474681545182,200,,
111.763567538426,12,181.674681545182,200,,
111.881970312061,12,181.874681545182,200,,
112.046305635582,11,182.074681545182,200,,
112.055834083869,12,182.274681545182,200,,
112.117639321583,13,182.474681545182,200,,
112.143485246455,13,182.674681545182,200,,
112.318830058283,13,182.874681545182,200,,
112.371644457355,13,183.074681545182,200,,
112.449105830991,13,183.274681545182,200,,
112.546735033288,13,183.474681545182,200,,
112.765006422217,12,183.674681545182,200,,
112.983008466933,11,183.874681545182,200,,
113.195123912618,10,184.074681545182,200,,
113.291573888794,10,184.274681545182,200,,
113.331368728259,10,184.474681545182,200,,
113.345693598638,11,184.674681545182,200,,
113.397516383448,12,184.874681545182,200,,
113.791662251911,9,185.074681545182,200,,
113.870330563457,9,185.274681545182,200,,
114.075735811843,8,185.474681545182,200,,
114.172940708691,8,185.674681545182,200,,
114.242801065386,8,185.874681545182,200,,
114.29050084048,9,186.074681545182,200,,
114.546052612146,7,186.274681545182,200,,
114.624169491145,8,186.474681545182,200,,
114.702122994028,8,186.674681545182,200,,
114.715010858632,9,186.874681545182,200,,
114.971804121502,7,187.074681545182,200,,
115.085965673854,7,187.274681545182,200,,
115.263101005786,6,187.474681545182,200,,
115.296945119068,7,187.674681545182,200,,
115.642046132004,4,187.874681545182,200,,
115.646438855417,5,188.074681545182,200,,
115.898740601552,4,188.274681545182,200,,
115.911081548703,5,188.474681545182,200,,
115.914751455731,6,188.674681545182,200,,
115.926004450369,6,188.874681545182,200,,
115.945214007984,7,189.074681545182,200,,
115.98326510284,8,189.274681545182,200,,
116.032552979677,8,189.474681545182,200,,
116.060860223262,9,189.674681545182,200,,
116.364813382275,7,189.874681545182,200,,
116.447545974635,7,190.074681545182,200,,
116.483217599902,8,190.274681545182,200,,
116.720041205202,7,190.474681545182,200,,
116.737532231212,7,190.674681545182,200,,
116.824307745506,8,190.874681545182,200,,
117.041731036219,6,191.074681545182,200,,
117.132845617026,6,191.274681545182,200,,
117.191975895583,7,191.474681545182,200,,
117.21916247944,8,191.674681545182,200,,
117.457624013763,6,191.874681545182,200,,
117.544585549847,6,192.074681545182,200,,
117.562048329495,7,192.274681545182,200,,
117.577815534778,8,192.474681545182,200,,
117.686025723226,8,192.674681545182,200,,
117.726917476151,8,192.874681545182,200,,
117.784946434949,9,193.074681545182,200,,
117.88317025339,9,193.274681545182,200,,
117.891127268899,10,193.474681545182,200,,
117.93596019956,10,193.674681545182,200,,
118.055185423768,10,193.874681545182,200,,
118.297090563184,9,194.074681545182,200,,
118.325512537537,9,194.274681545182,200,,
118.536290573377,8,194.474681545182,200,,
118.540332731142,9,194.674681545182,200,,
118.597276342529,10,194.874681545182,200,,
118.603457957394,11,195.074681545182,200,,
118.676358629532,11,195.274681545182,200,,
118.682660973958,12,195.474681545182,200,,
118.747033454543,12,195.674681545182,200,,
118.985340281862,11,195.874681545182,200,,
119.005718820083,12,196.074681545182,200,,
119.140381548937,11,196.274681545182,200,,
119.197432147745,12,196.474681545182,200,,
119.425771551187,10,196.674681545182,200,,
119.446541879808,11,196.874681545182,200,,
119.558193737164,11,197.074681545182,200,,
119.683793297041,11,197.274681545182,200,,
119.759070262245,11,197.474681545182,200,,
119.833095481386,11,197.674681545182,200,,
119.869400196825,12,197.874681545182,200,,
119.908049615029,13,198.074681545182,200,,
120.527640626901,7,198.274681545182,200,,
120.527951062582,8,198.474681545182,200,,
120.572922399377,9,198.674681545182,200,,
120.663879469864,9,198.874681545182,200,,
120.727489815301,9,199.074681545182,200,,
120.83220904085,9,199.274681545182,200,,
120.879729984729,10,199.474681545182,200,,
120.88025029801,11,199.674681545182,200,,
121.269114770287,8,199.874681545182,200,,
121.620512652582,6,,,,
121.639708442777,6,,,,
121.748733001423,6,,,,
121.788480909415,7,,,,
121.82317379773,8,,,,
121.937226245226,7,,,,
121.959586151059,8,,,,
121.966115510624,9,,,,
122.226082835159,7,,,,
122.319540876794,8,,,,
122.356538794769,8,,,,
122.421479867448,9,,,,
122.473100212942,9,,,,
122.506507721248,10,,,,
122.606763962081,10,,,,
122.633999084716,10,,,,
122.855321807869,9,,,,
122.927582031623,9,,,,
122.984252227608,10,,,,
123.030127357873,10,,,,
123.293540497467,9,,,,
123.354516714753,9,,,,
123.444185298412,9,,,,
123.485355356199,10,,,,
123.54188088433,10,,,,
123.894196018453,8,,,,
123.984036255097,8,,,,
123.998358582245,9,,,,
124.042132527856,9,,,,
124.052314092054,10,,,,
124.159322341017,10,,,,
124.201389108257,11,,,,
124.307033207675,11,,,,
124.396443796488,11,,,,
124.568882985035,10,,,,
124.676522030977,10,,,,
124.728066785978,10,,,,
124.778693182686,11,,,,
124.782522062463,12,,,,
125.505868907743,6,,,,
125.923413268166,3,,,,
125.966783215206,3,,,,
126.026229816876,3,,,,
126.154030029793,3,,,,
126.431505491951,1,,,,
126.533001387788,1,,,,
126.644488073195,1,,,,
126.812181546494,1,,,,
126.84320115882,1,,,,
127.217116006624,1,,,,
127.300142071301,1,,,,
127.520682151681,1,,,,
127.835181906951,1,,,,
127.979812664167,1,,,,
127.991858490944,1,,,,
128.111673629728,1,,,,
128.143450563866,2,,,,
128.184322329289,2,,,,
128.1928844087,3,,,,
128.208864386743,4,,,,
128.353796573691,4,,,,
128.360264934206,5,,,,
128.362457672275,6,,,,
128.390151894808,6,,,,
128.404915083131,7,,,,
128.461528038301,8,,,,
128.49172353865,8,,,,
128.565537212905,9,,,,
128.770395528565,8,,,,
128.918712869369,7,,,,
128.938486046163,8,,,,
129.25727446339,6,,,,
129.314063232702,6,,,,
129.326542541928,7,,,,
129.365864270627,8,,,,
129.377181603866,9,,,,
129.464745483675,9,,,,
129.553830863864,9,,,,
129.829452171612,7,,,,
129.96625757375,7,,,,
130.248909970806,5,,,,
130.437396432226,4,,,,
130.442790127868,5,,,,
130.71741531489,3,,,,
130.808101625621,3,,,,
131.218095054888,1,,,,
131.440473336463,1,,,,
131.491522852733,1,,,,
131.643359767573,1,,,,
131.69121742468,1,,,,
131.714984011791,2,,,,
131.730978433126,3,,,,
131.875793045521,2,,,,
131.991290498878,2,,,,
132.012246947451,3,,,,
132.119180053288,3,,,,
132.348205775278,1,,,,
132.54630130489,1,,,,
132.547198443623,1,,,,
132.55743029158,2,,,,
132.56688696523,3,,,,
132.635758049626,4,,,,
132.732301629596,4,,,,
132.819309620633,4,,,,
132.867507541589,4,,,,
132.895156309999,5,,,,
132.905311187057,6,,,,
132.923826792406,7,,,,
133.343353654418,4,,,,
133.539665983374,3,,,,
133.766562892036,1,,,,
133.772594694414,2,,,,
133.804218404998,3,,,,
133.86782345211,3,,,,
133.93191499443,4,,,,
133.944226039922,5,,,,
134.009571365895,5,,,,
134.070646783382,5,,,,
134.141653817948,6,,,,
134.532667894913,3,,,,
134.874581545182,1,,,,
134.929695340013,1,,,,
134.940226781933,2,,,,
135.134805240325,1,,,,
135.138851035891,2,,,,
135.151329788127,3,,,,
135.21743776821,3,,,,
135.249080507329,4,,,,
135.310377234197,4,,,,
135.362093926904,5,,,,
135.388916236231,5,,,,
135.439967493825,6,,,,
135.446034923842,7,,,,
135.557321305003,7,,,,
135.570542464986,8,,,,
135.612811443793,8,,,,
135.807131499426,7,,,,
135.932226365492,7,,,,
135.983253505268,7,,,,
136.085193024075,7,,,,
136.133222205456,8,,,,
136.184165056478,8,,,,
136.18638692168,9,,,,
136.242908085165,10,,,,
136.289868888378,10,,,,
136.3851974815,10,,,,
136.493552300329,10,,,,
136.50081390614,11,,,,
136.5989923967,11,,,,
136.771818333997,11,,,,
137.017148918147,9,,,,
137.123113412468,9,,,,
137.234524886115,9,,,,
137.364112667765,9,,,,
137.403281121753,9,,,,
137.480267315334,9,,,,
137.518279218468,10,,,,
137.529986222401,11,,,,
137.70915165599,10,,,,
137.761077028478,11,,,,
137.910600140291,10,,,,
137.962582334779,11,,,,
137.995593004184,11,,,,
138.034312750908,12,,,,
138.159463646603,12,,,,
138.162504445979,13,,,,
138.244961618297,13,,,,
138.378618460029,12,,,,
138.429644375065,13,,,,
138.441273541742,14,,,,
138.516958973465,14,,,,
138.610177647522,14,,,,
138.619086243271,15,,,,
138.740561814128,15,,,,
138.850126801153,15,,,,
138.950854069992,15,,,,
138.953862349546,16,,,,
139.273628225287,14,,,,
139.493709912724,12,,,,
139.504613099086,13,,,,
139.619220902592,13,,,,
139.821087278585,12,,,,
140.043016830762,11,,,,
140.045979305992,12,,,,
140.04610013618,13,,,,
140.122654044407,13,,,,
140.399464050176,11,,,,
140.451256394683,12,,,,
140.76899945683,10,,,,
140.8432718318,10,,,,
141.002392058134,9,,,,
141.04782081584,10,,,,
141.531579560746,6,,,,
141.552721678244,7,,,,
141.596607095948,7,,,,
141.598537906467,8,,,,
141.787149417151,7,,,,
141.860161619177,8,,,,
142.007422905431,7,,,,
142.192431827418,6,,,,
142.319916972673,6,,,,
142.366632295319,7,,,,
142.466984734109,7,,,,
142.492198701752,7,,,,
142.528925518502,8,,,,
142.537321522505,9,,,,
142.614384628585,9,,,,
142.623301736812,10,,,,
142.655401502601,11,,,,
142.680426830641,11,,,,
142.681299620272,12,,,,
142.691837234335,13,,,,
142.694363346515,14,,,,
142.725157226073,15,,,,
142.740739144684,16,,,,
142.747583032222,17,,,,
142.819688272664,17,,,,
142.826473860469,18,,,,
142.851661338938,19,,,,
143.045647514897,18,,,,
143.091770092658,18,,,,
143.10945816327,19,,,,
143.115126551386,20,,,,
143.197152450647,20,,,,
143.439286115291,19,,,,
143.587767522696,18,,,,
143.804008016969,17,,,,
143.864963935053,18,,,,
144.09253593336,16,,,,
144.109184952752,17,,,,
144.149560243463,18,,,,
144.171824128667,19,,,,
144.296625951795,18,,,,
144.353362763762,19,,,,
144.409039844906,19,,,,
144.484167082273,19,,,,
144.520076650555,20,,,,
144.563068870829,21,,,,
144.570370125213,22,,,,
144.722457715976,21,,,,
144.777248959746,21,,,,
144.916287892469,21,,,,
144.965442428344,22,,,,
145.227462586032,20,,,,
145.244944786035,21,,,,
145.247882780763,22,,,,
145.290992963485,22,,,,
145.517033008223,21,,,,
145.527083560596,22,,,,
145.576935193787,22,,,,
145.781808993144,21,,,,
145.992488205732,20,,,,
146.102627813563,20,,,,
146.21999958635,20,,,,
146.241407805816,21,,,,
146.678407780959,17,,,,
146.928623579213,16,,,,
147.071036680777,16,,,,
147.157710787844,16,,,,
147.203052129677,16,,,,
147.263914065082,17,,,,
147.333441643181,17,,,,
147.43626217501,17,,,,
147.483485049874,17,,,,
147.512791399653,18,,,,
147.558190544328,19,,,,
147.638281412614,19,,,,
147.668514226419,20,,,,
147.682659436918,20,,,,
147.751171444712,21,,,,
147.773550321926,22,,,,
147.888038966873,21,,,,
147.960204841642,22,,,,
147.992686522107,22,,,,
148.002944448097,23,,,,
148.077258013528,23,,,,
148.268213515378,23,,,,
148.280699601162,23,,,,
148.331042212707,24,,,,
148.348459134818,25,,,,
148.374996130595,25,,,,
148.379789850553,26,,,,
148.467841694384,27,,,,
148.820965834433,24,,,,
148.958337760902,24,,,,
148.958724543221,25,,,,
149.052626403573,25,,,,
149.072298472436,26,,,,
149.158813378328,26,,,,
149.253712013006,26,,,,
149.272356976425,27,,,,
149.280844117529,27,,,,
149.39679571413,27,,,,
149.610415106762,26,,,,
149.986783186115,23,,,,
150.113944186347,23,,,,
150.207744997908,23,,,,
150.547038069372,21,,,,
150.586844169871,21,,,,
150.657697777415,22,,,,
150.819996779122,21,,,,
150.855721958649,22,,,,
151.036733059795,21,,,,
151.116472907378,21,,,,
151.170135115675,22,,,,
151.437237613026,20,,,,
151.490955986735,20,,,,
151.564511662229,21,,,,
151.84036779452,19,,,,
151.87145700083,20,,,,
151.999536633137,19,,,,
152.209418475994,18,,,,
152.212763951907,19,,,,
152.259272526282,20,,,,
152.314775698813,20,,,,
152.314914130074,21,,,,
152.324774080094,22,,,,
152.353234098493,23,,,,
152.737425728839,20,,,,
152.775732535547,20,,,,
152.861349151287,21,,,,
153.057090990511,20,,,,
153.160283060803,20,,,,
153.221624867415,20,,,,
153.266953314496,21,,,,
153.325757695664,21,,,,
153.435933887396,21,,,,
153.476896603404,21,,,,
153.561723284388,22,,,,
153.774316341382,21,,,,
153.92334125005,20,,,,
154.213432154168,18,,,,
154.443792841831,17,,,,
154.925262641804,13,,,,
154.977065547516,13,,,,
155.024344901987,14,,,,
155.25005361615,13,,,,
155.58862770644,10,,,,
155.59535740316,11,,,,
155.752321238621,11,,,,
155.867991167591,11,,,,
155.980596447361,10,,,,
156.006871988355,11,,,,
156.034961103905,12,,,,
156.112368308173,12,,,,
156.136761275159,13,,,,
156.285057211597,12,,,,
156.303215133363,13,,,,
156.440487533946,13,,,,
156.696566925423,11,,,,
156.824375554812,11,,,,
156.85920041823,12,,,,
156.925150698237,12,,,,
156.98549857748,12,,,,
157.007068561608,13,,,,
157.075182089418,13,,,,
157.098194666234,14,,,,
157.248779780542,14,,,,
157.325452318755,14,,,,
157.511392975997,13,,,,
157.568985273284,14,,,,
157.58395979411,14,,,,
157.952806991658,12,,,,
158.008477258068,12,,,,
158.044262525301,13,,,,
158.22932108996,12,,,,
158.237547346507,13,,,,
158.407940506949,12,,,,
158.537724163864,12,,,,
158.548528770551,13,,,,
158.919127834283,10,,,,
158.936133543162,11,,,,
159.088500571196,10,,,,
159.124769684817,11,,,,
159.153144695071,12,,,,
159.16097967518,13,,,,
159.16470428441,14,,,,
159.21998421776,14,,,,
159.272227142095,15,,,,
159.283613207826,15,,,,
159.493782566234,14,,,,
159.577765916373,14,,,,
159.634328208475,15,,,,
159.662638391374,16,,,,
159.69605793287,16,,,,
159.786799224864,16,,,,
160.060601554391,15,,,,
160.073104109275,16,,,,
160.221061623408,15,,,,
160.593549060817,12,,,,
160.687963186024,12,,,,
160.957616671416,11,,,,
160.95788473725,12,,,,
161.007609384234,12,,,,
161.275708893209,10,,,,
161.303439646102,11,,,,
161.415475554378,11,,,,
161.444296871169,12,,,,
161.46971733744,13,,,,
161.535764726868,13,,,,
161.538271185623,14,,,,
161.542352635658,15,,,,
161.543102270103,16,,,,
161.645185512008,16,,,,
161.907468064198,14,,,,
161.959944108605,15,,,,
162.078084648464,14,,,,
162.125470806363,15,,,,
162.247598824054,15,,,,
162.413338276121,14,,,,
162.503988403843,14,,,,
162.627443790821,14,,,,
162.704497522898,14,,,,
163.013137236787,12,,,,
163.073940399363,13,,,,
163.117317018314,13,,,,
163.208994405483,13,,,,
163.436825379764,12,,,,
163.542980711394,12,,,,
163.689934042981,11,,,,
163.736621260727,12,,,,
163.780848379628,12,,,,
163.891180909898,12,,,,
163.988378549206,12,,,,
164.04942190351,13,,,,
164.083469722664,13,,,,
164.092360145154,14,,,,
164.299825383394,13,,,,
164.326374887659,14,,,,
164.338301374657,15,,,,
164.346788747038,16,,,,
164.370669602983,17,,,,
164.409532959606,17,,,,
164.429748653231,18,,,,
164.524250452292,18,,,,
164.575838624545,18,,,,
164.621666080851,19,,,,
164.758406652751,19,,,,
164.887952319144,18,,,,
164.962798742636,19,,,,
165.076137568666,18,,,,
165.143017437083,19,,,,
165.158646701333,20,,,,
165.158701313329,21,,,,
165.177098707692,21,,,,
165.232507122177,22,,,,
165.239167635901,23,,,,
165.245733954419,24,,,,
165.276431692673,24,,,,
165.299783063277,25,,,,
165.342608866158,26,,,,
165.612014634656,24,,,,
165.621253386532,25,,,,
165.64551128242,26,,,,
165.737699208248,26,,,,
165.933130085418,25,,,,
166.058437894818,25,,,,
166.220838939198,24,,,,
166.237944121102,25,,,,
166.255277873225,26,,,,
166.297153808451,26,,,,
166.390221164113,26,,,,
166.520141097356,26,,,,
166.532432676171,27,,,,
166.641294293476,27,,,,
166.771448504321,27,,,,
166.964178954046,26,,,,
167.065641629472,26,,,,
167.1465206421,26,,,,
167.313619299619,25,,,,
167.316228696115,26,,,,
167.381503058169,26,,,,
167.387405963455,27,,,,
167.633755426373,26,,,,
167.642100228129,27,,,,
167.647161049061,28,,,,
167.71996333736,28,,,,
167.754620038273,29,,,,
167.895313092801,28,,,,
168.020858159951,28,,,,
168.024138715423,29,,,,
168.078285964789,29,,,,
168.139293043917,30,,,,
168.158282219663,31,,,,
168.332463621809,30,,,,
168.343804094028,31,,,,
168.454248774527,31,,,,
168.624261167453,30,,,,
168.703208826937,30,,,,
168.767291434087,31,,,,
168.856161836848,31,,,,
169.070109589146,30,,,,
169.29690862823,28,,,,
169.429067638848,28,,,,
169.514652560992,28,,,,
169.567369439962,29,,,,
169.62215630936,29,,,,
169.668918717087,30,,,,
169.790304773393,29,,,,
169.862797117024,30,,,,
169.906990435911,30,,,,
170.126866964878,29,,,,
170.487732466571,26,,,,
170.621398570446,26,,,,
170.827207688211,25,,,,
170.827724316821,26,,,,
170.84476205269,27,,,,
170.963230667755,27,,,,
171.078471769693,26,,,,
171.330430785589,25,,,,
171.333897255845,26,,,,
171.457841971723,26,,,,
171.674304689291,25,,,,
171.693785298943,25,,,,
171.880123897323,24,,,,
171.946195406665,25,,,,
172.01755652199,25,,,,
172.032675564634,26,,,,
172.046336450603,27,,,,
172.090808296099,27,,,,
172.187955091456,27,,,,
172.464603108262,26,,,,
172.491959594487,26,,,,
172.748751866463,25,,,,
172.848412794378,25,,,,
172.881657986536,25,,,,
172.999991938872,25,,,,
173.041487597144,26,,,,
173.052721065209,27,,,,
173.144403368939,27,,,,
173.209210404907,27,,,,
173.539428800152,25,,,,
173.62751956188,25,,,,
173.643513122267,26,,,,
173.672765929559,27,,,,
173.702460635437,27,,,,
173.72490135579,28,,,,
173.931697587306,27,,,,
174.033268854612,27,,,,
174.100975025848,27,,,,
174.243996960674,27,,,,
174.473221923258,26,,,,
174.517711770157,26,,,,
174.53823205199,27,,,,
174.661640054664,27,,,,
174.737711714847,27,,,,
174.826233399312,27,,,,
174.865725928521,28,,,,
175.031585267212,27,,,,
175.069644357143,28,,,,
175.092469019463,28,,,,
175.151686499861,29,,,,
175.310844711169,28,,,,
175.367597969552,29,,,,
175.398578183008,29,,,,
175.442793200201,30,,,,
175.47821306161,30,,,,
175.724689075252,29,,,,
176.107146040896,26,,,,
176.238727464075,26,,,,
176.243438047824,27,,,,
176.373466962027,27,,,,
176.39450865235,27,,,,
176.428745493636,28,,,,
176.502324826337,28,,,,
176.588530989067,28,,,,
176.635690561112,29,,,,
176.786731042981,28,,,,
176.814451386833,29,,,,
176.97321431559,29,,,,
177.088590691927,28,,,,
177.130831036867,29,,,,
177.241466343363,29,,,,
177.388814121028,28,,,,
177.720520858799,26,,,,
177.853661293844,26,,,,
178.064528042033,25,,,,
178.079785656847,25,,,,
178.676409226822,20,,,,
178.877360088492,19,,,,
178.922441069555,20,,,,
178.980659174869,20,,,,
178.985288125461,21,,,,
179.051921213063,22,,,,
179.09126945276,22,,,,
179.150757078349,23,,,,
179.21945664194,23,,,,
179.303353970233,23,,,,
179.322251821905,24,,,,
179.41931839669,24,,,,
179.428209832925,25,,,,
179.497161125117,25,,,,
179.557442215917,26,,,,
179.759023962351,25,,,,
180.028832266646,23,,,,
180.127647131963,23,,,,
180.271686292464,23,,,,
180.323007130587,23,,,,
180.360329103423,24,,,,
180.414233054277,24,,,,
180.633709759156,23,,,,
180.800225231894,22,,,,
180.919718045231,22,,,,
180.962518560277,23,,,,
181.024758362712,23,,,,
181.048514917005,24,,,,
181.07925164428,24,,,,
181.085373587492,25,,,,
181.171065897641,26,,,,
181.379834923954,24,,,,
181.401513926529,25,,,,
181.652286160055,24,,,,
181.787468368662,23,,,,
181.800265363149,24,,,,
182.076613007208,22,,,,
182.117330725262,23,,,,
182.224996590147,23,,,,
182.244278889027,24,,,,
182.373375159586,24,,,,
182.385693496815,24,,,,
182.403664602739,25,,,,
182.633789939342,24,,,,
182.771711474416,24,,,,
182.777567359248,24,,,,
182.846354836396,25,,,,
183.240015449377,22,,,,
183.249159314181,23,,,,
183.25930179252,24,,,,
183.308150721159,24,,,,
183.507272285209,23,,,,
183.638001423709,23,,,,
183.721589180463,23,,,,
183.807914034889,23,,,,
183.853787569023,24,,,,
183.890371052937,24,,,,
183.932278133294,25,,,,
184.381007974417,21,,,,
184.522627322467,21,,,,
184.607966391089,21,,,,
184.645737761643,22,,,,
184.935687627011,20,,,,
185.042783131648,20,,,,
185.12482988844,20,,,,
185.197671285981,20,,,,
185.280835581252,20,,,,
185.347187749745,21,,,,
185.352440358781,22,,,,
185.583867848642,20,,,,
185.594858126161,21,,,,
185.675746495023,21,,,,
185.771051837641,22,,,,
185.946418239374,21,,,,
186.07795848863,20,,,,
186.207265682418,20,,,,
186.235241362657,21,,,,
186.23917338765,22,,,,
186.57152960029,20,,,,
186.71985862012,19,,,,
186.85504330581,19,,,,
186.87948899507,19,,,,
186.906671346971,20,,,,
187.140130169178,19,,,,
187.243530751452,19,,,,
187.247918019247,20,,,,
187.289432658696,20,,,,
187.329939981614,21,,,,
187.459944582532,21,,,,
187.470450965822,22,,,,
187.558300514872,22,,,,
187.622848491975,22,,,,
187.764175473504,22,,,,
187.935667783914,21,,,,
187.964631353707,22,,,,
188.000040233717,22,,,,
188.269300220484,21,,,,
188.285662161835,21,,,,
188.781865436325,17,,,,
188.82195305769,18,,,,
188.839929466507,19,,,,
189.008065906032,18,,,,
189.079995583259,18,,,,
189.095122527763,19,,,,
189.294248176897,18,,,,
189.320042699826,19,,,,
189.362767461457,20,,,,
189.369901162099,21,,,,
189.397692466779,21,,,,
189.520011440834,21,,,,
189.651340076369,21,,,,
189.701631318037,21,,,,
190.081134551409,18,,,,
190.118362729723,19,,,,
190.188429833939,19,,,,
190.315237026324,19,,,,
190.365065908045,20,,,,
190.406009839312,20,,,,
190.455756837054,21,,,,
190.58586810084,20,,,,
190.744102165869,20,,,,
190.912949948671,19,,,,
191.035388252269,19,,,,
191.059935200483,20,,,,
191.098342357653,20,,,,
191.462613326455,18,,,,
191.829869284979,15,,,,
191.847585726071,16,,,,
192.069760446321,15,,,,
192.10412798482,15,,,,
192.22483510091,15,,,,
192.244655232965,16,,,,
192.302775963276,16,,,,
192.345165197308,17,,,,
192.368395733723,18,,,,
192.433800089975,18,,,,
192.54315202769,18,,,,
192.617003281392,18,,,,
192.757200976092,18,,,,
192.94934636969,17,,,,
193.042000060744,17,,,,
193.262226905288,16,,,,
193.330668799444,16,,,,
193.355528251871,17,,,,
193.368089286805,18,,,,
193.465612191048,18,,,,
193.619198677626,17,,,,
193.63102029713,18,,,,
193.698667285117,18,,,,
193.760095312979,19,,,,
193.952588896745,18,,,,
193.991498902585,18,,,,
194.005980516033,19,,,,
194.044033487042,20,,,,
194.379529924978,17,,,,
194.445420779662,18,,,,
194.512991011238,18,,,,
194.643860527211,18,,,,
194.651370644297,19,,,,
194.658539866102,20,,,,
194.691406071869,20,,,,
194.902745900297,19,,,,
195.135618489015,18,,,,
195.268350786264,18,,,,
195.30900004302,18,,,,
195.328419140898,19,,,,
195.679335601812,16,,,,
195.959287878658,15,,,,
196.018008415788,15,,,,
196.088593615299,15,,,,
196.134329406444,16,,,,
196.990431232375,8,,,,
197.146386360547,8,,,,
197.168358735097,9,,,,
197.23130452523,9,,,,
197.307856572614,9,,,,
197.31571399531,10,,,,
197.349997967896,11,,,,
197.526514145853,10,,,,
197.562779647157,11,,,,
197.719064802598,10,,,,
197.808484801619,10,,,,
197.880843978429,10,,,,
198.135589103518,9,,,,
198.136562154111,10,,,,
198.300173128171,9,,,,
198.314832707426,10,,,,
198.443546918007,10,,,,
198.568023125886,10,,,,
198.649933580225,10,,,,
198.739302769399,10,,,,
198.994790848373,8,,,,
199.115202964385,8,,,,
199.183001516556,8,,,,
199.227776344032,9,,,,
199.434790577848,8,,,,
199.534047489633,8,,,,
199.713613183517,7,,,,
199.770675459317,8,,,,
199.794734362093,8,,,,
199.84814396089,9,,,,
199.995645792347,8,,,,
