"time_nodeTx","sizeCount_Network_nodeTx","time_queue0","sizeCount_Network_queue0","time_nodeRx","sizeCount_Network_nodeRx"
0.079587450457,1,0.179687450457,1,0.379787450457,1
0.169443489305,1,0.480567450457,1,0.680667450457,1
0.29503656511,2,0.781447450457,1,0.981547450457,1
0.480996986317,2,1.082327450457,1,1.282427450457,1
0.573319299464,3,1.383207450457,1,1.583307450457,1
0.768473833052,3,1.684087450457,1,1.884187450457,1
0.84719394705,4,1.984967450457,1,2.185067450457,1
1.03509035247,4,2.285847450457,1,2.485947450457,1
1.090195201137,5,2.586727450457,1,2.786827450457,1
1.187895843776,6,2.887607450457,1,3.087707450457,1
1.291711773842,6,3.188487450457,1,3.388587450457,1
1.340224590214,7,3.489367450457,1,3.689467450457,1
1.397776509902,8,3.790247450457,1,3.990347450457,1
1.433092423816,9,4.091127450457,1,4.291227450457,1
1.65544486602,9,4.392007450457,1,4.592107450457,1
1.661283332929,10,4.692887450457,1,4.892987450457,1
1.992774560922,10,4.993767450457,1,5.193867450457,1
2.024610175006,11,5.294647450457,1,5.494747450457,1
2.072970385501,12,5.595527450457,1,5.795627450457,1
2.137915020326,13,5.896407450457,1,6.096507450457,1
2.294804632088,13,6.197287450457,1,6.397387450457,1
2.46202575212,14,6.498167450457,1,6.698267450457,1
2.537293163451,14,6.799047450457,1,6.999147450457,1
2.602681420173,15,7.099927450457,1,7.300027450457,1
2.686624705463,16,7.400807450457,1,7.600907450457,1
2.736511906365,17,7.701687450457,1,7.901787450457,1
2.99633731495,17,8.002567450457,1,8.202667450457,1
3.177174241377,17,8.303447450457,1,8.503547450457,1
3.184542776924,18,8.604327450457,1,8.804427450457,1
3.225700576548,19,8.905207450457,1,9.105307450457,1
3.23481667916,20,9.206087450457,1,9.406187450457,1
3.339277929991,21,9.506967450457,1,9.707067450457,1
3.341320488831,22,9.807847450457,1,10.007947450457,1
3.387245302557,23,10.108727450457,1,10.308827450457,1
3.565994068901,23,10.409607450457,1,10.609707450457,1
3.881011061769,23,10.710487450457,1,10.910587450457,1
4.031589487633,23,11.011367450457,1,11.211467450457,1
4.046712572999,24,11.312247450457,1,11.512347450457,1
4.250743998793,25,11.613127450457,1,11.813227450457,1
4.454833220384,25,11.914007450457,1,12.114107450457,1
4.839355407298,25,12.214887450457,1,12.414987450457,1
4.903526324566,25,12.515767450457,1,12.715867450457,1
5.064050280272,26,12.816647450457,1,13.016747450457,1
5.225450487761,26,13.117527450457,1,13.317627450457,1
5.287343433724,27,13.418407450457,1,13.618507450457,1
5.360839875843,28,13.719287450457,1,13.919387450457,1
5.512493473242,28,14.020167450457,1,14.220267450457,1
5.626087367413,29,14.321047450457,1,14.521147450457,1
5.638674808357,30,14.621927450457,1,14.822027450457,1
5.766197578579,31,14.922807450457,1,15.122907450457,1
5.868340766014,31,15.223687450457,1,15.423787450457,1
5.955572885518,32,15.524567450457,1,15.724667450457,1
5.971045853568,33,15.825447450457,1,16.025547450457,1
6.048129319415,34,16.126327450457,1,16.326427450457,1
6.337571367214,34,16.427207450457,1,16.627307450457,1
6.479707835223,34,16.728087450457,1,16.928187450457,1
6.553490564399,35,17.028967450457,1,17.229067450457,1
6.564685180462,36,17.329847450457,1,17.529947450457,1
6.618241752485,37,17.630727450457,1,17.830827450457,1
6.682411222688,38,17.931607450457,1,18.131707450457,1
6.713139257903,38,18.232487450457,1,18.432587450457,1
6.733759586106,39,18.533367450457,1,18.733467450457,1
6.882585068681,40,18.834247450457,1,19.034347450457,1
7.016114087143,40,19.135127450457,1,19.335227450457,1
7.077022329461,41,19.436007450457,1,19.636107450457,1
7.101427178535,42,19.736887450457,1,19.936987450457,1
7.185460649096,43,20.037767450457,1,20.237867450457,1
7.199988451825,44,20.338647450457,1,20.538747450457,1
7.201885308745,45,20.639527450457,1,20.839627450457,1
7.241062389813,46,20.940407450457,1,21.140507450457,1
7.33720048372,46,21.241287450457,1,21.441387450457,1
7.353414132665,47,21.542167450457,1,21.742267450457,1
7.448113800382,48,21.843047450457,1,22.043147450457,1
7.473257993589,49,22.143927450457,1,22.344027450457,1
7.569212791326,50,22.444807450457,1,22.644907450457,1
7.618068496257,50,22.745687450457,1,22.945787450457,1
7.905859998385,50,23.046567450457,1,23.246667450457,1
8.138751335806,51,23.347447450457,1,23.547547450457,1
8.253265231276,51,23.648327450457,1,23.848427450457,1
8.313039838958,52,23.949207450457,1,24.149307450457,1
8.357591688463,53,24.250087450457,1,24.450187450457,1
8.452541146813,54,24.550967450457,1,24.751067450457,1
8.509994387487,54,24.851847450457,1,25.051947450457,1
8.742629493656,55,25.152727450457,1,25.352827450457,1
8.862240273602,55,25.453607450457,1,25.653707450457,1
8.87269639618,56,25.754487450457,1,25.954587450457,1
8.878907925227,57,26.055367450457,1,26.255467450457,1
9.228929293672,57,26.356247450457,1,26.556347450457,1
9.338820540427,58,26.657127450457,1,26.857227450457,1
9.444703953576,58,26.958007450457,1,27.158107450457,1
9.555763698145,59,27.258887450457,1,27.458987450457,1
9.574506304747,60,27.559767450457,1,27.759867450457,1
9.598126975355,61,27.860647450457,1,28.060747450457,1
9.642467378217,62,28.161527450457,1,28.361627450457,1
9.65627024706,63,28.462407450457,1,28.662507450457,1
9.795174516039,63,28.763287450457,1,28.963387450457,1
9.833070712467,64,29.064167450457,1,29.264267450457,1
9.926676868444,65,29.365047450457,1,29.565147450457,1
9.971887074466,66,29.665927450457,1,29.866027450457,1
10.011198330196,66,29.966807450457,1,30.166907450457,1
10.095641109549,67,30.267687450457,1,30.467787450457,1
10.09955942519,68,30.568567450457,1,30.768667450457,1
10.157291856271,69,30.869447450457,1,31.069547450457,1
10.257878956788,70,31.170327450457,1,31.370427450457,1
10.703328641406,69,31.471207450457,1,31.671307450457,1
11.022623305611,69,31.772087450457,1,31.972187450457,1
11.033386816427,70,32.072967450457,1,32.273067450457,1
11.139169457762,71,32.373847450457,1,32.573947450457,1
11.16259960964,72,32.674727450457,1,32.874827450457,1
11.263401534182,72,32.975607450457,1,33.175707450457,1
11.280992888725,73,33.276487450457,1,33.476587450457,1
11.817002923749,72,33.577367450457,1,33.777467450457,1
11.922877195258,73,33.878247450457,1,34.078347450457,1
12.010068780621,74,34.179127450457,1,34.379227450457,1
12.039276833948,75,34.480007450457,1,34.680107450457,1
12.092783301656,76,34.780887450457,1,34.980987450457,1
12.155577459755,76,35.081767450457,1,35.281867450457,1
12.219955559915,77,35.382647450457,1,35.582747450457,1
12.247983260763,78,35.683527450457,1,35.883627450457,1
12.34566966817,79,35.984407450457,1,36.184507450457,1
12.362982413785,80,36.285287450457,1,36.485387450457,1
12.404232536777,81,36.586167450457,1,36.786267450457,1
12.415928077756,81,36.887047450457,1,37.087147450457,1
12.528244907909,82,37.187927450457,1,37.388027450457,1
12.635052127624,83,37.488807450457,1,37.688907450457,1
12.673207711961,84,37.789687450457,1,37.989787450457,1
12.688078938886,85,38.090567450457,1,38.290667450457,1
12.838742472213,85,38.391447450457,1,38.591547450457,1
12.860630531864,86,38.692327450457,1,38.892427450457,1
13.159349521049,86,38.993207450457,1,39.193307450457,1
13.205350916823,87,39.294087450457,1,39.494187450457,1
13.313977854911,88,39.594967450457,1,39.795067450457,1
13.486011020683,88,39.895847450457,1,40.095947450457,1
13.487377478526,89,40.196727450457,1,40.396827450457,1
13.497591966678,90,40.497607450457,1,40.697707450457,1
13.595102160094,91,40.798487450457,1,40.998587450457,1
13.777084052022,91,41.099367450457,1,41.299467450457,1
13.889065488597,92,41.400247450457,1,41.600347450457,1
13.899168966128,93,41.701127450457,1,41.901227450457,1
14.256527803362,92,42.002007450457,1,42.202107450457,1
14.63143094932,92,42.302887450457,1,42.502987450457,1
14.841963079399,92,42.603767450457,1,42.803867450457,1
14.905196739039,93,42.904647450457,1,43.104747450457,1
14.976455098372,94,43.205527450457,1,43.405627450457,1
15.352647826822,94,43.506407450457,1,43.706507450457,1
15.358380519464,95,43.807287450457,1,44.007387450457,1
15.451228369154,95,44.108167450457,1,44.308267450457,1
15.511223057818,96,44.409047450457,1,44.609147450457,1
15.645647585033,97,44.709927450457,1,44.910027450457,1
15.647666597848,98,45.010807450457,1,45.210907450457,1
15.651664227754,99,45.311687450457,1,45.511787450457,1
15.709952066641,100,45.612567450457,1,45.812667450457,1
15.743193090737,100,45.913447450457,1,46.113547450457,1
16.132350103022,100,46.214327450457,1,46.414427450457,1
16.145155779553,101,46.515207450457,1,46.715307450457,1
16.189697725745,102,46.816087450457,1,47.016187450457,1
16.224815334683,103,47.116967450457,1,47.317067450457,1
16.290379963119,104,47.417847450457,1,47.617947450457,1
16.303018826762,105,47.718727450457,1,47.918827450457,1
16.419706179417,105,48.019607450457,1,48.219707450457,1
16.457976274303,106,48.320487450457,1,48.520587450457,1
16.670399994003,106,48.621367450457,1,48.821467450457,1
16.723888431579,107,48.922247450457,1,49.122347450457,1
16.974279609888,107,49.223127450457,1,49.423227450457,1
16.980909350036,108,49.524007450457,1,49.724107450457,1
17.005348894844,109,49.824887450457,1,50.024987450457,1
17.123267847551,110,50.125767450457,1,50.325867450457,1
17.206552199158,111,50.426647450457,1,50.626747450457,1
17.290161952355,111,50.727527450457,1,50.927627450457,1
17.490486004606,112,51.028407450457,1,51.228507450457,1
17.521327488616,113,51.329287450457,1,51.529387450457,1
17.592452282338,113,51.630167450457,1,51.830267450457,1
17.666528177383,114,51.931047450457,1,52.131147450457,1
17.915086413081,114,52.231927450457,1,52.432027450457,1
17.924951443923,115,52.532807450457,1,52.732907450457,1
18.178981894719,115,52.833687450457,1,53.033787450457,1
18.264771458826,116,53.134567450457,1,53.334667450457,1
18.27344850706,117,53.435447450457,1,53.635547450457,1
18.538374099928,117,53.736327450457,1,53.936427450457,1
18.570908141481,118,54.037207450457,1,54.237307450457,1
18.609264162891,119,54.338087450457,1,54.538187450457,1
18.610204237957,120,54.638967450457,1,54.839067450457,1
18.720288828966,121,54.939847450457,1,55.139947450457,1
18.905021594066,121,55.240727450457,1,55.440827450457,1
18.919154665422,122,55.541607450457,1,55.741707450457,1
19.02333273084,123,55.842487450457,1,56.042587450457,1
19.149326111851,123,56.143367450457,1,56.343467450457,1
19.333454359,124,56.444247450457,1,56.644347450457,1
19.367619775703,124,56.745127450457,1,56.945227450457,1
19.398371548079,125,57.046007450457,1,57.246107450457,1
19.418606591936,126,57.346887450457,1,57.546987450457,1
19.469326604262,127,57.647767450457,1,57.847867450457,1
19.557639508458,128,57.948647450457,1,58.148747450457,1
19.638119248438,128,58.249527450457,1,58.449627450457,1
19.640150494318,129,58.550407450457,1,58.750507450457,1
19.658175719516,130,58.851287450457,1,59.051387450457,1
19.834749826757,131,59.152167450457,1,59.352267450457,1
19.880922916361,132,59.453047450457,1,59.653147450457,1
19.88139357041,133,59.753927450457,1,59.954027450457,1
19.897227721033,134,60.054807450457,1,60.254907450457,1
20.01049113523,134,60.355687450457,1,60.555787450457,1
20.094799438445,135,60.656567450457,1,60.856667450457,1
20.12627160453,136,60.957447450457,1,61.157547450457,1
20.247922469874,136,61.258327450457,1,61.458427450457,1
20.380798257249,137,61.559207450457,1,61.759307450457,1
20.414832931073,138,61.860087450457,1,62.060187450457,1
20.742347248844,138,62.160967450457,1,62.361067450457,1
20.799137664192,139,62.461847450457,1,62.661947450457,1
20.827739761443,140,62.762727450457,1,62.962827450457,1
20.968842202372,140,63.063607450457,1,63.263707450457,1
21.054681499155,141,63.364487450457,1,63.564587450457,1
21.105115879814,142,63.665367450457,1,63.865467450457,1
21.194774966893,142,63.966247450457,1,64.166347450457,1
21.421148324479,143,64.267127450457,1,64.467227450457,1
21.506070405635,143,64.568007450457,1,64.768107450457,1
21.607936278637,144,64.868887450457,1,65.068987450457,1
21.633178277926,145,65.169767450457,1,65.369867450457,1
21.855328967773,145,65.470647450457,1,65.670747450457,1
22.160557133461,145,65.771527450457,1,65.971627450457,1
22.274517929814,146,66.072407450457,1,66.272507450457,1
22.333780332559,147,66.373287450457,1,66.573387450457,1
22.393418271992,147,66.674167450457,1,66.874267450457,1
22.580764259978,148,66.975047450457,1,67.175147450457,1
22.965064918302,147,67.275927450457,1,67.476027450457,1
23.085288775027,148,67.576807450457,1,67.776907450457,1
23.097641439763,149,67.877687450457,1,68.077787450457,1
23.13294345309,150,68.178567450457,1,68.378667450457,1
23.278625308946,150,68.479447450457,1,68.679547450457,1
23.446717529401,151,68.780327450457,1,68.980427450457,1
23.499789779063,152,69.081207450457,1,69.281307450457,1
23.550291653838,152,69.382087450457,1,69.582187450457,1
23.662819855522,153,69.682967450457,1,69.883067450457,1
23.875769795129,153,69.983847450457,1,70.183947450457,1
23.904510842736,154,70.284727450457,1,70.484827450457,1
23.991564425369,155,70.585607450457,1,70.785707450457,1
24.02913830961,156,70.886487450457,1,71.086587450457,1
24.242621354608,156,71.187367450457,1,71.387467450457,1
24.579058399913,156,71.488247450457,1,71.688347450457,1
24.696996693277,157,71.789127450457,1,71.989227450457,1
24.785782834321,157,72.090007450457,1,72.290107450457,1
24.914973761201,158,72.390887450457,1,72.590987450457,1
25.022757249615,159,72.691767450457,1,72.891867450457,1
25.092337195705,159,72.992647450457,1,73.192747450457,1
25.168523972835,160,73.293527450457,1,73.493627450457,1
25.481070808601,160,73.594407450457,1,73.794507450457,1
25.507276532769,161,73.895287450457,1,74.095387450457,1
25.610556233834,162,74.196167450457,1,74.396267450457,1
25.66078731366,162,74.497047450457,1,74.697147450457,1
25.715926912673,163,74.797927450457,1,74.998027450457,1
25.812372269222,164,75.098807450457,1,75.298907450457,1
25.905612557263,165,75.399687450457,1,75.599787450457,1
25.970023028095,165,75.700567450457,1,75.900667450457,1
25.97196100623,166,76.001447450457,1,76.201547450457,1
26.035473777793,167,76.302327450457,1,76.502427450457,1
26.07136649938,168,76.603207450457,1,76.803307450457,1
26.197270851106,169,76.904087450457,1,77.104187450457,1
26.305202870972,169,77.204967450457,1,77.405067450457,1
26.33916934423,170,77.505847450457,1,77.705947450457,1
26.3734293067,171,77.806727450457,1,78.006827450457,1
26.421792875359,172,78.107607450457,1,78.307707450457,1
26.518030380936,173,78.408487450457,1,78.608587450457,1
26.65632830159,173,78.709367450457,1,78.909467450457,1
26.712324408597,174,79.010247450457,1,79.210347450457,1
26.923069169092,174,79.311127450457,1,79.511227450457,1
26.937626566937,175,79.612007450457,1,79.812107450457,1
26.948481276786,176,79.912887450457,1,80.112987450457,1
26.983903690011,177,80.213767450457,1,80.413867450457,1
26.993595965469,178,80.514647450457,1,80.714747450457,1
27.077984812728,179,80.815527450457,1,81.015627450457,1
27.121687614105,180,81.116407450457,1,81.316507450457,1
27.211060521936,180,81.417287450457,1,81.617387450457,1
27.291315720512,181,81.718167450457,1,81.918267450457,1
27.376723694076,182,82.019047450457,1,82.219147450457,1
27.380144035912,183,82.319927450457,1,82.520027450457,1
27.48604497445,183,82.620807450457,1,82.820907450457,1
27.833298522378,183,82.921687450457,1,83.121787450457,1
27.938883483244,184,83.222567450457,1,83.422667450457,1
27.977596492459,185,83.523447450457,1,83.723547450457,1
28.034057542571,186,83.824327450457,1,84.024427450457,1
28.059065692069,187,84.125207450457,1,84.325307450457,1
28.285929091338,187,84.426087450457,1,84.626187450457,1
28.301158453863,188,84.726967450457,1,84.927067450457,1
28.346975742259,189,85.027847450457,1,85.227947450457,1
28.357207803744,190,85.328727450457,1,85.528827450457,1
28.414453958887,190,85.629607450457,1,85.829707450457,1
28.828234934938,190,85.930487450457,1,86.130587450457,1
29.050726400661,190,86.231367450457,1,86.431467450457,1
29.080882991983,191,86.532247450457,1,86.732347450457,1
29.244972749776,192,86.833127450457,1,87.033227450457,1
29.321980435731,192,87.134007450457,1,87.334107450457,1
29.443682385265,193,87.434887450457,1,87.634987450457,1
29.503089735097,194,87.735767450457,1,87.935867450457,1
29.51365099946,195,88.036647450457,1,88.236747450457,1
29.52413918302,196,88.337527450457,1,88.537627450457,1
29.776067396028,196,88.638407450457,1,88.838507450457,1
29.819501961622,197,88.939287450457,1,89.139387450457,1
29.944762714113,197,89.240167450457,1,89.440267450457,1
30.008108975885,198,89.541047450457,1,89.741147450457,1
30.684648027879,197,89.841927450457,1,90.042027450457,1
30.868621306387,197,90.142807450457,1,90.342907450457,1
30.884808315058,198,90.443687450457,1,90.643787450457,1
31.119826044033,198,90.744567450457,1,90.944667450457,1
31.322416925743,199,91.045447450457,1,91.245547450457,1
31.326245217031,200,91.346327450457,1,91.546427450457,1
31.343977774546,201,91.647207450457,1,91.847307450457,1
31.414969567268,201,91.948087450457,1,92.148187450457,1
31.51056620966,202,92.248967450457,1,92.449067450457,1
31.528820069848,203,92.549847450457,1,92.749947450457,1
31.542038440809,204,92.850727450457,1,93.050827450457,1
31.69302078637,204,93.151607450457,1,93.351707450457,1
31.881413675029,205,93.452487450457,1,93.652587450457,1
32.081612324582,205,93.753367450457,1,93.953467450457,1
32.246284234715,206,94.054247450457,1,94.254347450457,1
32.299284522529,206,94.355127450457,1,94.555227450457,1
32.383472618702,207,94.656007450457,1,94.856107450457,1
32.398551719721,208,94.956887450457,1,95.156987450457,1
32.45083872273,209,95.257767450457,1,95.457867450457,1
32.454217401285,210,95.558647450457,1,95.758747450457,1
32.461384939716,211,95.859527450457,1,96.059627450457,1
32.866369623596,211,96.160407450457,1,96.360507450457,1
32.985913480224,211,96.461287450457,1,96.661387450457,1
33.032640736865,212,96.762167450457,1,96.962267450457,1
33.09307064405,213,97.063047450457,1,97.263147450457,1
33.147556356864,214,97.363927450457,1,97.564027450457,1
33.275589777245,214,97.664807450457,1,97.864907450457,1
33.280781032463,215,97.965687450457,1,98.165787450457,1
33.482058306084,215,98.266567450457,1,98.466667450457,1
33.527549490563,216,98.567447450457,1,98.767547450457,1
33.898545549753,216,98.868327450457,1,99.068427450457,1
33.900222326352,217,99.169207450457,1,99.369307450457,1
34.093880050101,217,99.470087450457,1,99.670187450457,1
34.120112981018,218,99.770967450457,1,99.971067450457,1
34.12129130421,219,100.071847450457,1,100.271947450457,1
34.266070712409,220,100.372727450457,1,100.572827450457,1
34.310695994461,221,100.673607450457,1,100.873707450457,1
34.599157169671,221,100.974487450457,1,101.174587450457,1
34.730087006073,221,101.275367450457,1,101.475467450457,1
34.868716141275,222,101.576247450457,1,101.776347450457,1
34.887545638797,223,101.877127450457,1,102.077227450457,1
34.929006893063,224,102.178007450457,1,102.378107450457,1
35.002620003062,224,102.478887450457,1,102.678987450457,1
35.069866054745,225,102.779767450457,1,102.979867450457,1
35.075453060034,226,103.080647450457,1,103.280747450457,1
35.116850952301,227,103.381527450457,1,103.581627450457,1
35.139164873111,228,103.682407450457,1,103.882507450457,1
35.158947823857,229,103.983287450457,1,104.183387450457,1
35.160817370899,230,104.284167450457,1,104.484267450457,1
35.179569266019,231,104.585047450457,1,104.785147450457,1
35.33741053823,231,104.885927450457,1,105.086027450457,1
35.399670272628,232,105.186807450457,1,105.386907450457,1
35.425020843142,233,105.487687450457,1,105.687787450457,1
35.632623949186,233,105.788567450457,1,105.988667450457,1
35.674989659322,234,106.089447450457,1,106.289547450457,1
35.963444088163,234,106.390327450457,1,106.590427450457,1
36.226665974418,234,106.691207450457,1,106.891307450457,1
36.32037984619,235,106.992087450457,1,107.192187450457,1
36.442259526524,236,107.292967450457,1,107.493067450457,1
36.533055929256,236,107.593847450457,1,107.793947450457,1
36.536291609721,237,107.894727450457,1,108.094827450457,1
36.689374732348,238,108.195607450457,1,108.395707450457,1
36.707370466503,239,108.496487450457,1,108.696587450457,1
36.776690443457,240,108.797367450457,1,108.997467450457,1
36.873838659266,240,109.098247450457,1,109.298347450457,1
36.879006949846,241,109.399127450457,1,109.599227450457,1
36.965099313514,242,109.700007450457,1,109.900107450457,1
37.085196404168,243,110.000887450457,1,110.200987450457,1
37.112363211202,243,110.301767450457,1,110.501867450457,1
37.600276500001,243,110.602647450457,1,110.802747450457,1
37.872411325592,243,110.903527450457,1,111.103627450457,1
37.903508106089,244,111.204407450457,1,111.404507450457,1
37.998691076843,244,111.505287450457,1,111.705387450457,1
38.112350726369,245,111.806167450457,1,112.006267450457,1
38.189058691826,246,112.107047450457,1,112.307147450457,1
38.388775888575,246,112.407927450457,1,112.608027450457,1
38.477913746266,247,112.708807450457,1,112.908907450457,1
38.616881452644,247,113.009687450457,1,113.209787450457,1
38.74785998978,248,113.310567450457,1,113.510667450457,1
39.081653423165,248,113.611447450457,1,113.811547450457,1
39.119042072755,249,113.912327450457,1,114.112427450457,1
39.199840078095,249,114.213207450457,1,114.413307450457,1
39.250626590364,250,114.514087450457,1,114.714187450457,1
39.274501877649,251,114.814967450457,1,115.015067450457,1
39.298054334991,252,115.115847450457,1,115.315947450457,1
39.323214196302,253,115.416727450457,1,115.616827450457,1
39.34381740115,254,115.717607450457,1,115.917707450457,1
39.36850332803,255,116.018487450457,1,116.218587450457,1
39.65741088722,255,116.319367450457,1,116.519467450457,1
39.741708764761,256,116.620247450457,1,116.820347450457,1
39.876243508084,256,116.921127450457,1,117.121227450457,1
39.936411406736,257,117.222007450457,1,117.422107450457,1
40.0038358637,258,117.522887450457,1,117.722987450457,1
40.355283731754,258,117.823767450457,1,118.023867450457,1
40.381085008148,259,118.124647450457,1,118.324747450457,1
40.495198798434,259,118.425527450457,1,118.625627450457,1
40.524549563626,260,118.726407450457,1,118.926507450457,1
40.533464992626,261,119.027287450457,1,119.227387450457,1
40.539443088918,262,119.328167450457,1,119.528267450457,1
40.54525032513,263,119.629047450457,1,119.829147450457,1
40.602240081661,264,119.929927450457,1,120.130027450457,1
40.66915145403,265,120.230807450457,1,120.430907450457,1
40.706518433469,265,120.531687450457,1,120.731787450457,1
40.919385442922,266,120.832567450457,1,121.032667450457,1
41.038571253287,266,121.133447450457,1,121.333547450457,1
41.41324071467,266,121.434327450457,1,121.634427450457,1
41.460682343703,267,121.735207450457,1,121.935307450457,1
41.55682630086,268,122.036087450457,1,122.236187450457,1
41.576623074393,269,122.336967450457,1,122.537067450457,1
41.654820646481,269,122.637847450457,1,122.837947450457,1
41.657319481812,270,122.938727450457,1,123.138827450457,1
41.8501554955,271,123.239607450457,1,123.439707450457,1
41.857117262607,272,123.540487450457,1,123.740587450457,1
41.993310435038,272,123.841367450457,1,124.041467450457,1
42.107064285592,273,124.142247450457,1,124.342347450457,1
42.172187358784,274,124.443127450457,1,124.643227450457,1
42.232645480618,274,124.744007450457,1,124.944107450457,1
42.345681035209,275,125.044887450457,1,125.244987450457,1
42.422593015319,276,125.345767450457,1,125.545867450457,1
42.51599904858,276,125.646647450457,1,125.846747450457,1
42.742983050158,277,125.947527450457,1,126.147627450457,1
42.868403377167,277,126.248407450457,1,126.448507450457,1
43.332368629804,277,126.549287450457,1,126.749387450457,1
43.395761631743,278,126.850167450457,1,127.050267450457,1
43.420210733947,278,127.151047450457,1,127.351147450457,1
43.481094025321,279,127.451927450457,1,127.652027450457,1
43.589884468682,280,127.752807450457,1,127.952907450457,1
43.826776285766,280,128.053687450457,1,128.253787450457,1
43.857336775947,281,128.354567450457,1,128.554667450457,1
43.872096379236,282,128.655447450457,1,128.855547450457,1
43.874183101097,283,128.956327450457,1,129.156427450457,1
43.900218242252,284,129.257207450457,1,129.457307450457,1
44.042256587811,284,129.558087450457,1,129.758187450457,1
44.255612916558,285,129.858967450457,1,130.059067450457,1
44.294181685963,286,130.159847450457,1,130.359947450457,1
44.528966062106,286,130.460727450457,1,130.660827450457,1
44.577329900855,287,130.761607450457,1,130.961707450457,1
44.681114908404,287,131.062487450457,1,131.262587450457,1
44.769865101252,288,131.363367450457,1,131.563467450457,1
44.809122404071,289,131.664247450457,1,131.864347450457,1
44.986936737754,289,131.965127450457,1,132.165227450457,1
45.060273505071,290,132.266007450457,1,132.466107450457,1
45.159423934361,291,132.566887450457,1,132.766987450457,1
45.159429469551,292,132.867767450457,1,133.067867450457,1
45.365511593639,292,133.168647450457,1,133.368747450457,1
45.402887923021,293,133.469527450457,1,133.669627450457,1
45.434845388508,294,133.770407450457,1,133.970507450457,1
45.490262471413,295,134.071287450457,1,134.271387450457,1
45.650234415597,295,134.372167450457,1,134.572267450457,1
45.866810783684,295,134.673047450457,1,134.873147450457,1
45.887345560558,296,134.973927450457,1,135.174027450457,1
46.001251325625,297,135.274807450457,1,135.474907450457,1
46.306569792584,297,135.575687450457,1,135.775787450457,1
46.367474253855,298,135.876567450457,1,136.076667450457,1
46.483785582198,298,136.177447450457,1,136.377547450457,1
46.549835890173,299,136.478327450457,1,136.678427450457,1
46.57410773954,300,136.779207450457,1,136.979307450457,1
46.729574033321,300,137.080087450457,1,137.280187450457,1
47.024022061063,300,137.380967450457,1,137.581067450457,1
47.050086074001,301,137.681847450457,1,137.881947450457,1
47.181336873298,302,137.982727450457,1,138.182827450457,1
47.393611538692,302,138.283607450457,1,138.483707450457,1
47.422906684541,303,138.584487450457,1,138.784587450457,1
47.460549619693,304,138.885367450457,1,139.085467450457,1
47.484541971637,305,139.186247450457,1,139.386347450457,1
47.800251525779,305,139.487127450457,1,139.687227450457,1
47.873274292303,306,139.788007450457,1,139.988107450457,1
47.937093152862,306,140.088887450457,1,140.288987450457,1
47.939692927381,307,140.389767450457,1,140.589867450457,1
48.064028005176,308,140.690647450457,1,140.890747450457,1
48.087280507014,309,140.991527450457,1,141.191627450457,1
48.103967971137,310,141.292407450457,1,141.492507450457,1
48.159251808202,311,141.593287450457,1,141.793387450457,1
48.290349045018,311,141.894167450457,1,142.094267450457,1
48.337216692616,312,142.195047450457,1,142.395147450457,1
48.441137256274,313,142.495927450457,1,142.696027450457,1
48.50342018725,314,142.796807450457,1,142.996907450457,1
48.527612151727,314,143.097687450457,1,143.297787450457,1
48.560133753525,315,143.398567450457,1,143.598667450457,1
48.580769552885,316,143.699447450457,1,143.899547450457,1
48.669148118488,317,144.000327450457,1,144.200427450457,1
48.833955735804,317,144.301207450457,1,144.501307450457,1
49.033359655932,318,144.602087450457,1,144.802187450457,1
49.170827651312,318,144.902967450457,1,145.103067450457,1
49.183330910304,319,145.203847450457,1,145.403947450457,1
49.295676960259,320,145.504727450457,1,145.704827450457,1
49.368529344532,321,145.805607450457,1,146.005707450457,1
49.400949255881,322,146.106487450457,1,146.306587450457,1
49.415113459361,323,146.407367450457,1,146.607467450457,1
49.434339603445,323,146.708247450457,1,146.908347450457,1
49.560520870794,324,147.009127450457,1,147.209227450457,1
49.682420805312,325,147.310007450457,1,147.510107450457,1
49.732848798637,325,147.610887450457,1,147.810987450457,1
49.795052490545,326,147.911767450457,1,148.111867450457,1
49.87839031461,327,148.212647450457,1,148.412747450457,1
50.061916654904,327,148.513527450457,1,148.713627450457,1
50.082162531274,328,148.814407450457,1,149.014507450457,1
50.105086963795,329,149.115287450457,1,149.315387450457,1
50.120734540833,330,149.416167450457,1,149.616267450457,1
50.138761970791,331,149.717047450457,1,149.917147450457,1
50.205716029877,332,150.017927450457,1,150.218027450457,1
50.219050092204,333,150.318807450457,1,150.518907450457,1
50.262995631253,334,150.619687450457,1,150.819787450457,1
50.391038066651,334,150.920567450457,1,151.120667450457,1
50.673101661493,334,151.221447450457,1,151.421547450457,1
50.676194290649,335,151.522327450457,1,151.722427450457,1
50.821149768292,336,151.823207450457,1,152.023307450457,1
50.958584069734,336,152.124087450457,1,152.324187450457,1
51.096680379301,337,152.424967450457,1,152.625067450457,1
51.106397147138,338,152.725847450457,1,152.925947450457,1
51.340446343204,338,153.026727450457,1,153.226827450457,1
51.364966152468,339,153.327607450457,1,153.527707450457,1
51.373677010794,340,153.628487450457,1,153.828587450457,1
51.512008657409,341,153.929367450457,1,154.129467450457,1
51.592347833676,341,154.230247450457,1,154.430347450457,1
51.723910459506,342,154.531127450457,1,154.731227450457,1
51.811731967378,343,154.832007450457,1,155.032107450457,1
51.816400741742,344,155.132887450457,1,155.332987450457,1
52.143250381824,343,155.433767450457,1,155.633867450457,1
52.16671596675,344,155.734647450457,1,155.934747450457,1
52.201267925121,345,156.035527450457,1,156.235627450457,1
52.235083396605,346,156.336407450457,1,156.536507450457,1
52.262636190309,347,156.637287450457,1,156.837387450457,1
52.375728038228,348,156.938167450457,1,157.138267450457,1
52.386296755638,349,157.239047450457,1,157.439147450457,1
52.392808042117,350,157.539927450457,1,157.740027450457,1
52.394464651559,351,157.840807450457,1,158.040907450457,1
52.475578753782,351,158.141687450457,1,158.341787450457,1
52.740834605334,351,158.442567450457,1,158.642667450457,1
52.741762907772,352,158.743447450457,1,158.943547450457,1
52.852603883193,353,159.044327450457,1,159.244427450457,1
53.031602843641,354,159.345207450457,1,159.545307450457,1
53.185385715089,354,159.646087450457,1,159.846187450457,1
53.600982824645,354,159.946967450457,1,160.147067450457,1
53.634073812763,355,160.247847450457,1,160.447947450457,1
53.755642860099,355,160.548727450457,1,160.748827450457,1
53.843930914595,356,160.849607450457,1,161.049707450457,1
53.863975134104,357,161.150487450457,1,161.350587450457,1
53.870584335173,358,161.451367450457,1,161.651467450457,1
53.942408983184,358,161.752247450457,1,161.952347450457,1
54.008889758139,359,162.053127450457,1,162.253227450457,1
54.095746331286,360,162.354007450457,1,162.554107450457,1
54.475148709595,360,162.654887450457,1,162.854987450457,1
54.630049877511,360,162.955767450457,1,163.155867450457,1
54.839205534773,361,163.256647450457,1,163.456747450457,1
54.9324667203,361,163.557527450457,1,163.757627450457,1
54.973739706973,362,163.858407450457,1,164.058507450457,1
54.998381289194,363,164.159287450457,1,164.359387450457,1
55.324273386912,363,164.460167450457,1,164.660267450457,1
55.385001315774,364,164.761047450457,1,164.961147450457,1
55.411359027058,365,165.061927450457,1,165.262027450457,1
55.622447904496,365,165.362807450457,1,165.562907450457,1
55.920667972043,365,165.663687450457,1,165.863787450457,1
55.988448172249,366,165.964567450457,1,166.164667450457,1
56.272112191587,366,166.265447450457,1,166.465547450457,1
56.397835891144,366,166.566327450457,1,166.766427450457,1
56.558381767451,367,166.867207450457,1,167.067307450457,1
56.624966016115,368,167.168087450457,1,167.368187450457,1
56.724512380452,368,167.468967450457,1,167.669067450457,1
56.847800426755,369,167.769847450457,1,167.969947450457,1
57.055176573065,369,168.070727450457,1,168.270827450457,1
57.12412002685,370,168.371607450457,1,168.571707450457,1
57.158795357229,371,168.672487450457,1,168.872587450457,1
57.344938521527,371,168.973367450457,1,169.173467450457,1
57.533948691337,372,169.274247450457,1,169.474347450457,1
57.555558312996,372,169.575127450457,1,169.775227450457,1
57.651759505655,373,169.876007450457,1,170.076107450457,1
57.80018375392,374,170.176887450457,1,170.376987450457,1
57.801516278403,375,170.477767450457,1,170.677867450457,1
58.167482011479,374,170.778647450457,1,170.978747450457,1
58.210135592683,375,171.079527450457,1,171.279627450457,1
58.408410483143,376,171.380407450457,1,171.580507450457,1
58.424443892592,377,171.681287450457,1,171.881387450457,1
58.576050785575,377,171.982167450457,1,172.182267450457,1
58.976845751062,377,172.283047450457,1,172.483147450457,1
59.397031693687,376,172.583927450457,1,172.784027450457,1
59.462111427923,377,172.884807450457,1,173.084907450457,1
59.602178997619,378,173.185687450457,1,173.385787450457,1
59.670973345465,378,173.486567450457,1,173.686667450457,1
59.671378977597,379,173.787447450457,1,173.987547450457,1
59.773397686392,380,174.088327450457,1,174.288427450457,1
59.804797476198,381,174.389207450457,1,174.589307450457,1
59.850776607976,382,174.690087450457,1,174.890187450457,1
59.903623330806,383,174.990967450457,1,175.191067450457,1
59.918345834537,384,175.291847450457,1,175.491947450457,1
59.974246601536,384,175.592727450457,1,175.792827450457,1
60.14690993951,385,175.893607450457,1,176.093707450457,1
60.182269597036,386,176.194487450457,1,176.394587450457,1
60.203322925856,387,176.495367450457,1,176.695467450457,1
60.254594390119,388,176.796247450457,1,176.996347450457,1
60.326198921918,388,177.097127450457,1,177.297227450457,1
60.339056945646,389,177.398007450457,1,177.598107450457,1
60.364458083481,390,177.698887450457,1,177.898987450457,1
60.759221410237,390,177.999767450457,1,178.199867450457,1
60.769518246609,391,178.300647450457,1,178.500747450457,1
60.821626128717,392,178.601527450457,1,178.801627450457,1
61.019815162828,392,178.902407450457,1,179.102507450457,1
61.104028793112,393,179.203287450457,1,179.403387450457,1
61.46492289361,392,179.504167450457,1,179.704267450457,1
61.507022223415,393,179.805047450457,1,180.005147450457,1
61.831018520105,393,180.105927450457,1,180.306027450457,1
61.98654795614,394,180.406807450457,1,180.606907450457,1
62.223586714201,394,180.707687450457,1,180.907787450457,1
62.276582872128,395,181.008567450457,1,181.208667450457,1
62.425325847562,395,181.309447450457,1,181.509547450457,1
62.469840781503,396,181.610327450457,1,181.810427450457,1
62.510359069737,397,181.911207450457,1,182.111307450457,1
62.561358153122,398,182.212087450457,1,182.412187450457,1
62.569816102298,399,182.512967450457,1,182.713067450457,1
62.605745492811,400,182.813847450457,1,183.013947450457,1
62.658042258177,401,183.114727450457,1,183.314827450457,1
62.807305474596,401,183.415607450457,1,183.615707450457,1
62.83373252101,402,183.716487450457,1,183.916587450457,1
63.094389701242,402,184.017367450457,1,184.217467450457,1
63.108602252381,403,184.318247450457,1,184.518347450457,1
63.147952493493,404,184.619127450457,1,184.819227450457,1
63.153443230748,405,184.920007450457,1,185.120107450457,1
63.458929208649,405,185.220887450457,1,185.420987450457,1
63.588243994529,405,185.521767450457,1,185.721867450457,1
63.589648653653,406,185.822647450457,1,186.022747450457,1
63.590797978674,407,186.123527450457,1,186.323627450457,1
63.667040347095,408,186.424407450457,1,186.624507450457,1
63.814260762894,409,186.725287450457,1,186.925387450457,1
63.850584984784,410,187.026167450457,1,187.226267450457,1
63.86647830275,410,187.327047450457,1,187.527147450457,1
64.080916849201,411,187.627927450457,1,187.828027450457,1
64.089203076493,412,187.928807450457,1,188.128907450457,1
64.118054347528,413,188.229687450457,1,188.429787450457,1
64.127441802256,414,188.530567450457,1,188.730667450457,1
64.240579679016,414,188.831447450457,1,189.031547450457,1
64.352068421207,415,189.132327450457,1,189.332427450457,1
64.518364999274,415,189.433207450457,1,189.633307450457,1
64.546517401521,416,189.734087450457,1,189.934187450457,1
64.603106855684,417,190.034967450457,1,190.235067450457,1
64.657672627161,418,190.335847450457,1,190.535947450457,1
64.797159536287,418,190.636727450457,1,190.836827450457,1
64.878661369377,419,190.937607450457,1,191.137707450457,1
65.055623351698,420,191.238487450457,1,191.438587450457,1
65.252629108257,420,191.539367450457,1,191.739467450457,1
65.300276966517,421,191.840247450457,1,192.040347450457,1
65.430121530077,421,192.141127450457,1,192.341227450457,1
65.440274938471,422,192.442007450457,1,192.642107450457,1
65.471790941343,423,192.742887450457,1,192.942987450457,1
65.501381128668,424,193.043767450457,1,193.243867450457,1
65.51547791711,425,193.344647450457,1,193.544747450457,1
65.605110837612,426,193.645527450457,1,193.845627450457,1
65.610807490859,427,193.946407450457,1,194.146507450457,1
65.675524961263,427,194.247287450457,1,194.447387450457,1
65.711421093101,428,194.548167450457,1,194.748267450457,1
65.7783513803,429,194.849047450457,1,195.049147450457,1
65.808748536223,430,195.149927450457,1,195.350027450457,1
65.870092445182,431,195.450807450457,1,195.650907450457,1
65.930998890714,432,195.751687450457,1,195.951787450457,1
66.005357209892,432,196.052567450457,1,196.252667450457,1
66.120331348667,433,196.353447450457,1,196.553547450457,1
66.178673725771,434,196.654327450457,1,196.854427450457,1
66.297623350904,434,196.955207450457,1,197.155307450457,1
66.489107576668,435,197.256087450457,1,197.456187450457,1
66.522447910506,436,197.556967450457,1,197.757067450457,1
66.57926495888,436,197.857847450457,1,198.057947450457,1
66.627056757631,437,198.158727450457,1,198.358827450457,1
66.802428222133,438,198.459607450457,1,198.659707450457,1
66.822413775925,439,198.760487450457,1,198.960587450457,1
66.893614582487,439,199.061367450457,1,199.261467450457,1
67.04898913269,440,199.362247450457,1,199.562347450457,1
67.058022857098,441,199.663127450457,1,199.863227450457,1
67.063875646993,442,199.964007450457,1,,
67.171768337843,443,,,,
67.291169674903,443,,,,
67.314311772099,444,,,,
67.465133295262,445,,,,
67.653045138683,445,,,,
67.803286418054,445,,,,
67.917655480113,446,,,,
67.947687988142,447,,,,
67.967334176732,448,,,,
68.014144822055,449,,,,
68.021386733066,450,,,,
68.109962797669,450,,,,
68.110936338603,451,,,,
68.142794723391,452,,,,
68.365403122335,453,,,,
68.411742125089,453,,,,
68.426067427227,454,,,,
68.448014243316,455,,,,
68.599060403438,456,,,,
68.660652331816,457,,,,
68.919897192694,457,,,,
68.924460997644,458,,,,
69.050050346078,458,,,,
69.210892130987,459,,,,
69.278387228352,460,,,,
69.286395113946,460,,,,
69.349788326595,461,,,,
69.422942860508,462,,,,
69.637252830551,462,,,,
69.673897959734,463,,,,
69.740921147392,464,,,,
69.827087896572,465,,,,
69.880628331681,466,,,,
70.201109214642,465,,,,
70.220238819232,466,,,,
70.323963328642,467,,,,
70.388454177759,468,,,,
70.392054460734,469,,,,
70.545139302628,469,,,,
70.60142182281,470,,,,
70.682711658929,471,,,,
70.754050087209,472,,,,
70.771469603246,473,,,,
70.848294937433,473,,,,
70.863823495983,474,,,,
70.978203033895,475,,,,
71.083031944391,476,,,,
71.11554903144,476,,,,
71.19303326939,477,,,,
71.206828592583,478,,,,
71.246234349778,479,,,,
71.296103583065,480,,,,
71.312004784745,481,,,,
71.6252877337,481,,,,
71.642707605358,482,,,,
71.663426123583,483,,,,
71.677284805725,484,,,,
71.911608798734,484,,,,
71.998102609677,484,,,,
72.076586311636,485,,,,
72.086266058867,486,,,,
72.147314343367,487,,,,
72.388715986418,487,,,,
72.60245815546,487,,,,
72.611119854905,488,,,,
72.672480275879,489,,,,
72.833613475791,490,,,,
72.962409673299,490,,,,
73.172073300651,491,,,,
73.222993549338,491,,,,
73.232805501601,492,,,,
73.467192465681,493,,,,
73.522758356997,493,,,,
73.639884726492,494,,,,
73.703982081018,495,,,,
73.824253459401,495,,,,
73.911050457603,496,,,,
73.950758552605,497,,,,
74.076722669667,498,,,,
74.218101002621,498,,,,
74.220845212664,499,,,,
74.321922128974,500,,,,
74.453374338782,500,,,,
74.480820690982,501,,,,
74.62647671214,502,,,,
74.643976216962,503,,,,
74.644957660602,504,,,,
74.804113272881,504,,,,
74.840971566842,505,,,,
75.160797064519,505,,,,
75.18730637466,506,,,,
75.248580919146,507,,,,
75.318583482758,507,,,,
75.407983623026,508,,,,
75.715291145305,508,,,,
75.91028883649,508,,,,
75.991890692886,509,,,,
76.052996449015,510,,,,
76.063251638315,511,,,,
76.366645895555,511,,,,
76.463846984661,512,,,,
76.549590494922,512,,,,
76.748384440406,513,,,,
76.920291371585,513,,,,
76.937445234322,514,,,,
77.176963213261,514,,,,
77.665313112296,514,,,,
77.834336607772,514,,,,
77.843219846037,515,,,,
77.860585502358,516,,,,
77.870507655006,517,,,,
77.969635605582,518,,,,
78.07004072297,518,,,,
78.120862668375,519,,,,
78.419040634108,519,,,,
78.425517203387,520,,,,
78.701577648955,520,,,,
78.756748010214,521,,,,
78.816056169947,522,,,,
78.845989008189,523,,,,
78.976072750935,523,,,,
79.165145666378,524,,,,
79.300717517763,524,,,,
79.304104703287,525,,,,
79.340775218666,526,,,,
79.660151405934,526,,,,
79.672908763314,527,,,,
79.716816461873,528,,,,
79.775493342541,529,,,,
79.819608823614,529,,,,
79.869329752248,530,,,,
79.870976080646,531,,,,
79.946872558071,532,,,,
79.967357784786,533,,,,
80.154021831804,533,,,,
80.205314530987,534,,,,
80.282160788726,535,,,,
80.547079614949,535,,,,
80.661107502641,536,,,,
80.671600777374,537,,,,
80.76555097596,537,,,,
81.056142936326,537,,,,
81.06651001999,538,,,,
81.270139438717,539,,,,
81.27979356662,540,,,,
81.340336944784,540,,,,
81.346096236466,541,,,,
81.385652796506,542,,,,
81.394703543521,543,,,,
81.421197037285,544,,,,
81.448269476359,545,,,,
81.543581730186,546,,,,
81.726535945772,546,,,,
81.729899337864,547,,,,
81.803791339858,548,,,,
81.805364252235,549,,,,
81.877328742004,550,,,,
81.933329579337,550,,,,
82.03826379593,551,,,,
82.045313990766,552,,,,
82.123969899955,553,,,,
82.152997241467,554,,,,
82.156297639973,555,,,,
82.181292721638,556,,,,
82.268078908627,556,,,,
82.2972735158,557,,,,
82.444715738278,558,,,,
82.458763309974,559,,,,
82.505960118751,560,,,,
82.507171043257,561,,,,
82.574706630274,561,,,,
82.586978131006,562,,,,
82.986734478678,562,,,,
83.083093748307,563,,,,
83.111151340925,564,,,,
83.477107552771,563,,,,
83.523999685498,564,,,,
83.988027685093,564,,,,
83.992701175267,565,,,,
84.045304254843,565,,,,
84.082420426923,566,,,,
84.100208102709,567,,,,
84.278301570198,568,,,,
84.380123328079,568,,,,
84.544641670786,569,,,,
84.612036015208,570,,,,
84.714207849949,570,,,,
85.168990235135,570,,,,
85.214893027884,571,,,,
85.221646443572,572,,,,
85.259152637884,572,,,,
85.412046524955,573,,,,
85.573912631597,573,,,,
85.607936353558,574,,,,
85.615241519273,575,,,,
85.642872038566,576,,,,
85.757938297859,577,,,,
85.866558628975,577,,,,
85.914479898423,578,,,,
85.942724569619,579,,,,
86.043217900525,580,,,,
86.152837156626,580,,,,
86.414401249868,581,,,,
86.487239007171,581,,,,
86.679612864238,582,,,,
86.734793076402,582,,,,
86.803644465206,583,,,,
86.884542434719,584,,,,
86.940375113645,585,,,,
86.974209725515,586,,,,
87.147121689283,586,,,,
87.269734910506,587,,,,
87.403762506704,587,,,,
87.457352386238,588,,,,
87.516618128032,589,,,,
87.561332118292,590,,,,
87.908396626346,590,,,,
88.084805365565,590,,,,
88.129929245414,591,,,,
88.388911859964,591,,,,
88.439584181354,592,,,,
88.44429410846,593,,,,
88.578496082578,593,,,,
88.604974309912,594,,,,
88.664591499052,595,,,,
88.70744225947,596,,,,
88.984356707754,596,,,,
89.15307853663,596,,,,
89.182815889421,597,,,,
89.606117469054,597,,,,
89.654205291484,598,,,,
90.001490862074,598,,,,
90.120939856425,598,,,,
90.356273333232,598,,,,
90.583644049901,599,,,,
90.618820788444,600,,,,
90.631724638762,601,,,,
91.114696663559,600,,,,
91.142343935213,601,,,,
91.171034844751,602,,,,
91.196946070339,603,,,,
91.208140524453,604,,,,
91.275378814657,604,,,,
91.576875641876,604,,,,
91.798997060196,605,,,,
91.825578715098,606,,,,
91.869912154698,606,,,,
91.986955727699,607,,,,
92.035607641675,608,,,,
92.041620478588,609,,,,
92.290183587023,609,,,,
92.421379895131,610,,,,
92.433463034757,611,,,,
92.646933274211,611,,,,
92.746663166628,612,,,,
92.778468621147,612,,,,
92.792718915712,613,,,,
92.840370497809,614,,,,
92.887250066973,615,,,,
92.934137882536,616,,,,
92.973354011498,617,,,,
93.111499919483,617,,,,
93.225479460149,618,,,,
93.252635039317,619,,,,
93.411370762286,619,,,,
93.430227234711,620,,,,
93.500331785644,621,,,,
93.559986777332,622,,,,
93.595118905486,623,,,,
93.631426789504,624,,,,
93.848549377639,624,,,,
94.031302004421,624,,,,
94.074668489958,625,,,,
94.101815486601,626,,,,
94.23590565906,627,,,,
94.305699413943,627,,,,
94.386748728661,628,,,,
94.672491263443,628,,,,
94.694995512829,629,,,,
94.795507077686,630,,,,
94.875029297817,630,,,,
95.076987748139,631,,,,
95.150310282007,632,,,,
95.432001455003,632,,,,
95.47489263858,632,,,,
95.613828489275,633,,,,
95.616321298848,634,,,,
95.736577033319,635,,,,
95.752691291202,636,,,,
96.096785695961,635,,,,
96.110925007234,636,,,,
96.629437949537,636,,,,
96.75250983464,636,,,,
96.812625299278,637,,,,
96.936093286883,638,,,,
96.943443924625,639,,,,
97.03805409875,639,,,,
97.072697431499,640,,,,
97.184143254671,641,,,,
97.200672555903,642,,,,
97.260005612729,643,,,,
97.314045882489,643,,,,
97.433144027829,644,,,,
97.447218543372,645,,,,
97.494752510336,646,,,,
97.587416370366,646,,,,
97.597955983357,647,,,,
97.646213504873,648,,,,
97.968745113245,648,,,,
98.194492792321,648,,,,
98.202011973237,649,,,,
98.545574312485,649,,,,
98.54752324178,650,,,,
98.62668415124,651,,,,
99.015775160281,651,,,,
99.047909190568,652,,,,
99.063982194625,653,,,,
99.153687496036,653,,,,
99.18362279633,654,,,,
99.41069380707,654,,,,
99.434968350806,655,,,,
99.487179481247,656,,,,
99.57390868313,657,,,,
99.654222360322,658,,,,
100.026163191412,657,,,,
100.057860929401,658,,,,
100.089745034242,659,,,,
100.150523510654,660,,,,
100.501429865754,660,,,,
100.55279842708,661,,,,
100.555381231523,662,,,,
100.583938123573,662,,,,
100.802902795029,663,,,,
100.873397727167,664,,,,
100.996706599889,664,,,,
101.033868175372,665,,,,
101.066409847088,666,,,,
101.113096281444,667,,,,
101.338345568451,667,,,,
101.412783394591,668,,,,
101.415471456542,669,,,,
101.554339183929,669,,,,
101.652592018201,670,,,,
101.693164652588,671,,,,
101.733144179836,672,,,,
101.991055492915,672,,,,
102.332547983158,672,,,,
102.530829241185,672,,,,
102.549290828476,673,,,,
102.554282388719,674,,,,
102.786034994976,674,,,,
102.815290055095,675,,,,
102.855328208241,676,,,,
102.914411730281,677,,,,
103.134444662325,677,,,,
103.145496249985,678,,,,
103.217332833506,679,,,,
103.260176936385,680,,,,
103.331640355123,680,,,,
103.466385237492,681,,,,
103.515296078554,682,,,,
103.629400411979,682,,,,
103.704921593755,683,,,,
103.802309452903,684,,,,
104.091821214605,684,,,,
104.215791022667,684,,,,
104.439155007777,685,,,,
104.462086724941,686,,,,
104.575132444772,686,,,,
104.616941610666,687,,,,
104.718836928774,688,,,,
104.831612972131,688,,,,
104.911100255738,689,,,,
105.122490937203,689,,,,
105.154330238809,690,,,,
105.232785908501,691,,,,
105.248834319237,692,,,,
105.282060381595,693,,,,
105.476065202583,693,,,,
105.479135379884,694,,,,
105.579936733932,695,,,,
105.70384038467,695,,,,
105.739456962826,696,,,,
105.740248497477,697,,,,
105.801907806329,698,,,,
105.848537508973,699,,,,
105.851020829748,700,,,,
105.926637454527,701,,,,
106.008296723412,701,,,,
106.263544372767,702,,,,
106.308353169605,702,,,,
106.317728708366,703,,,,
106.387586808974,704,,,,
106.439664695461,705,,,,
106.456344271273,706,,,,
106.45880563568,707,,,,
106.514232483021,708,,,,
106.556180415368,709,,,,
106.792809441753,709,,,,
106.890156696118,710,,,,
106.891011497983,711,,,,
106.923732536116,711,,,,
107.270671919994,711,,,,
107.294212506644,712,,,,
107.411619520323,713,,,,
107.423915777012,714,,,,
107.434387004355,715,,,,
107.520458475106,715,,,,
107.554675944268,716,,,,
107.673508860297,717,,,,
107.75096053909,718,,,,
107.86242163939,718,,,,
107.991210663301,719,,,,
108.288531497249,719,,,,
108.337775634887,720,,,,
108.338046322345,721,,,,
108.363804808979,722,,,,
108.467989255461,722,,,,
108.528660496385,723,,,,
108.620387676076,724,,,,
108.97823784866,724,,,,
109.067090719893,724,,,,
109.246558031293,725,,,,
109.575622914319,725,,,,
109.82188734126,725,,,,
109.823588903633,726,,,,
109.933635756681,726,,,,
110.052867334103,727,,,,
110.110968199649,728,,,,
110.278996439657,728,,,,
110.394543912532,729,,,,
110.465839560445,730,,,,
110.570422089724,730,,,,
110.611063376399,731,,,,
110.614016557515,732,,,,
110.770482212585,733,,,,
111.02247108197,733,,,,
111.032701260071,734,,,,
111.110889702381,734,,,,
111.169235719612,735,,,,
111.641875239298,735,,,,
111.715262236,735,,,,
111.763567538426,736,,,,
111.881970312061,737,,,,
112.046305635582,737,,,,
112.055834083869,738,,,,
112.117639321583,739,,,,
112.143485246455,740,,,,
112.318830058283,740,,,,
112.371644457355,741,,,,
112.449105830991,742,,,,
112.546735033288,743,,,,
112.765006422217,743,,,,
112.983008466933,743,,,,
113.195123912618,744,,,,
113.291573888794,744,,,,
113.331368728259,745,,,,
113.345693598638,746,,,,
113.397516383448,747,,,,
113.791662251911,747,,,,
113.870330563457,747,,,,
114.075735811843,748,,,,
114.172940708691,748,,,,
114.242801065386,749,,,,
114.29050084048,750,,,,
114.546052612146,750,,,,
114.624169491145,751,,,,
114.702122994028,752,,,,
114.715010858632,752,,,,
114.971804121502,753,,,,
115.085965673854,753,,,,
115.263101005786,754,,,,
115.296945119068,755,,,,
115.642046132004,754,,,,
115.646438855417,755,,,,
115.898740601552,756,,,,
115.911081548703,757,,,,
115.914751455731,758,,,,
115.926004450369,758,,,,
115.945214007984,759,,,,
115.98326510284,760,,,,
116.032552979677,761,,,,
116.060860223262,762,,,,
116.364813382275,762,,,,
116.447545974635,763,,,,
116.483217599902,764,,,,
116.720041205202,764,,,,
116.737532231212,765,,,,
116.824307745506,765,,,,
117.041731036219,766,,,,
117.132845617026,766,,,,
117.191975895583,767,,,,
117.21916247944,768,,,,
117.457624013763,768,,,,
117.544585549847,769,,,,
117.562048329495,770,,,,
117.577815534778,771,,,,
117.686025723226,772,,,,
117.726917476151,772,,,,
117.784946434949,773,,,,
117.88317025339,774,,,,
117.891127268899,775,,,,
117.93596019956,776,,,,
118.055185423768,776,,,,
118.297090563184,777,,,,
118.325512537537,777,,,,
118.536290573377,778,,,,
118.540332731142,779,,,,
118.597276342529,780,,,,
118.603457957394,781,,,,
118.676358629532,781,,,,
118.682660973958,782,,,,
118.747033454543,783,,,,
118.985340281862,783,,,,
119.005718820083,784,,,,
119.140381548937,785,,,,
119.197432147745,786,,,,
119.425771551187,786,,,,
119.446541879808,787,,,,
119.558193737164,787,,,,
119.683793297041,788,,,,
119.759070262245,789,,,,
119.833095481386,789,,,,
119.869400196825,790,,,,
119.908049615029,791,,,,
120.527640626901,790,,,,
120.527951062582,791,,,,
120.572922399377,792,,,,
120.663879469864,793,,,,
120.727489815301,794,,,,
120.83220904085,794,,,,
120.879729984729,795,,,,
120.88025029801,796,,,,
121.269114770287,796,,,,
121.620512652582,796,,,,
121.639708442777,796,,,,
121.748733001423,797,,,,
121.788480909415,798,,,,
121.82317379773,799,,,,
121.937226245226,799,,,,
121.959586151059,800,,,,
121.966115510624,801,,,,
122.226082835159,802,,,,
122.319540876794,802,,,,
122.356538794769,803,,,,
122.421479867448,804,,,,
122.473100212942,805,,,,
122.506507721248,806,,,,
122.606763962081,806,,,,
122.633999084716,807,,,,
122.855321807869,807,,,,
122.927582031623,808,,,,
122.984252227608,809,,,,
123.030127357873,810,,,,
123.293540497467,810,,,,
123.354516714753,811,,,,
123.444185298412,811,,,,
123.485355356199,812,,,,
123.54188088433,813,,,,
123.894196018453,813,,,,
123.984036255097,814,,,,
123.998358582245,815,,,,
124.042132527856,816,,,,
124.052314092054,816,,,,
124.159322341017,817,,,,
124.201389108257,818,,,,
124.307033207675,819,,,,
124.396443796488,819,,,,
124.568882985035,820,,,,
124.676522030977,820,,,,
124.728066785978,821,,,,
124.778693182686,822,,,,
124.782522062463,823,,,,
125.505868907743,822,,,,
125.923413268166,821,,,,
125.966783215206,822,,,,
126.026229816876,823,,,,
126.154030029793,823,,,,
126.431505491951,824,,,,
126.533001387788,824,,,,
126.644488073195,825,,,,
126.812181546494,825,,,,
126.84320115882,826,,,,
127.217116006624,826,,,,
127.300142071301,827,,,,
127.520682151681,827,,,,
127.835181906951,827,,,,
127.979812664167,827,,,,
127.991858490944,828,,,,
128.111673629728,829,,,,
128.143450563866,830,,,,
128.184322329289,831,,,,
128.1928844087,832,,,,
128.208864386743,833,,,,
128.353796573691,833,,,,
128.360264934206,834,,,,
128.362457672275,835,,,,
128.390151894808,836,,,,
128.404915083131,837,,,,
128.461528038301,838,,,,
128.49172353865,839,,,,
128.565537212905,839,,,,
128.770395528565,840,,,,
128.918712869369,840,,,,
128.938486046163,841,,,,
129.25727446339,841,,,,
129.314063232702,842,,,,
129.326542541928,843,,,,
129.365864270627,844,,,,
129.377181603866,845,,,,
129.464745483675,845,,,,
129.553830863864,846,,,,
129.829452171612,846,,,,
129.96625757375,847,,,,
130.248909970806,847,,,,
130.437396432226,847,,,,
130.442790127868,848,,,,
130.71741531489,848,,,,
130.808101625621,849,,,,
131.218095054888,849,,,,
131.440473336463,849,,,,
131.491522852733,850,,,,
131.643359767573,850,,,,
131.69121742468,851,,,,
131.714984011791,852,,,,
131.730978433126,853,,,,
131.875793045521,853,,,,
131.991290498878,854,,,,
132.012246947451,855,,,,
132.119180053288,856,,,,
132.348205775278,856,,,,
132.54630130489,856,,,,
132.547198443623,857,,,,
132.55743029158,858,,,,
132.56688696523,859,,,,
132.635758049626,860,,,,
132.732301629596,861,,,,
132.819309620633,861,,,,
132.867507541589,862,,,,
132.895156309999,863,,,,
132.905311187057,864,,,,
132.923826792406,865,,,,
133.343353654418,865,,,,
133.539665983374,865,,,,
133.766562892036,865,,,,
133.772594694414,866,,,,
133.804218404998,867,,,,
133.86782345211,868,,,,
133.93191499443,869,,,,
133.944226039922,870,,,,
134.009571365895,870,,,,
134.070646783382,871,,,,
134.141653817948,872,,,,
134.532667894913,872,,,,
134.874581545182,871,,,,
134.929695340013,872,,,,
134.940226781933,873,,,,
135.134805240325,874,,,,
135.138851035891,875,,,,
135.151329788127,876,,,,
135.21743776821,876,,,,
135.249080507329,877,,,,
135.310377234197,878,,,,
135.362093926904,879,,,,
135.388916236231,880,,,,
135.439967493825,881,,,,
135.446034923842,882,,,,
135.557321305003,882,,,,
135.570542464986,883,,,,
135.612811443793,884,,,,
135.807131499426,884,,,,
135.932226365492,885,,,,
135.983253505268,886,,,,
136.085193024075,886,,,,
136.133222205456,887,,,,
136.184165056478,888,,,,
136.18638692168,889,,,,
136.242908085165,890,,,,
136.289868888378,891,,,,
136.3851974815,891,,,,
136.493552300329,892,,,,
136.50081390614,893,,,,
136.5989923967,894,,,,
136.771818333997,894,,,,
137.017148918147,894,,,,
137.123113412468,895,,,,
137.234524886115,896,,,,
137.364112667765,896,,,,
137.403281121753,897,,,,
137.480267315334,898,,,,
137.518279218468,899,,,,
137.529986222401,900,,,,
137.70915165599,900,,,,
137.761077028478,901,,,,
137.910600140291,901,,,,
137.962582334779,902,,,,
137.995593004184,903,,,,
138.034312750908,904,,,,
138.159463646603,905,,,,
138.162504445979,906,,,,
138.244961618297,906,,,,
138.378618460029,907,,,,
138.429644375065,908,,,,
138.441273541742,909,,,,
138.516958973465,909,,,,
138.610177647522,910,,,,
138.619086243271,911,,,,
138.740561814128,912,,,,
138.850126801153,912,,,,
138.950854069992,913,,,,
138.953862349546,914,,,,
139.273628225287,914,,,,
139.493709912724,914,,,,
139.504613099086,915,,,,
139.619220902592,916,,,,
139.821087278585,916,,,,
140.043016830762,916,,,,
140.045979305992,917,,,,
140.04610013618,918,,,,
140.122654044407,919,,,,
140.399464050176,919,,,,
140.451256394683,920,,,,
140.76899945683,920,,,,
140.8432718318,921,,,,
141.002392058134,921,,,,
141.04782081584,922,,,,
141.531579560746,921,,,,
141.552721678244,922,,,,
141.596607095948,923,,,,
141.598537906467,924,,,,
141.787149417151,925,,,,
141.860161619177,925,,,,
142.007422905431,926,,,,
142.192431827418,926,,,,
142.319916972673,927,,,,
142.366632295319,928,,,,
142.466984734109,928,,,,
142.492198701752,929,,,,
142.528925518502,930,,,,
142.537321522505,931,,,,
142.614384628585,932,,,,
142.623301736812,933,,,,
142.655401502601,934,,,,
142.680426830641,935,,,,
142.681299620272,936,,,,
142.691837234335,937,,,,
142.694363346515,938,,,,
142.725157226073,938,,,,
142.740739144684,939,,,,
142.747583032222,940,,,,
142.819688272664,941,,,,
142.826473860469,942,,,,
142.851661338938,943,,,,
143.045647514897,943,,,,
143.091770092658,944,,,,
143.10945816327,945,,,,
143.115126551386,946,,,,
143.197152450647,947,,,,
143.439286115291,947,,,,
143.587767522696,948,,,,
143.804008016969,948,,,,
143.864963935053,949,,,,
144.09253593336,949,,,,
144.109184952752,950,,,,
144.149560243463,951,,,,
144.171824128667,952,,,,
144.296625951795,952,,,,
144.353362763762,953,,,,
144.409039844906,954,,,,
144.484167082273,955,,,,
144.520076650555,955,,,,
144.563068870829,956,,,,
144.570370125213,957,,,,
144.722457715976,958,,,,
144.777248959746,959,,,,
144.916287892469,959,,,,
144.965442428344,960,,,,
145.227462586032,960,,,,
145.244944786035,961,,,,
145.247882780763,962,,,,
145.290992963485,963,,,,
145.517033008223,963,,,,
145.527083560596,964,,,,
145.576935193787,965,,,,
145.781808993144,965,,,,
145.992488205732,966,,,,
146.102627813563,966,,,,
146.21999958635,967,,,,
146.241407805816,968,,,,
146.678407780959,967,,,,
146.928623579213,967,,,,
147.071036680777,968,,,,
147.157710787844,969,,,,
147.203052129677,970,,,,
147.263914065082,970,,,,
147.333441643181,971,,,,
147.43626217501,972,,,,
147.483485049874,973,,,,
147.512791399653,973,,,,
147.558190544328,974,,,,
147.638281412614,975,,,,
147.668514226419,976,,,,
147.682659436918,977,,,,
147.751171444712,978,,,,
147.773550321926,979,,,,
147.888038966873,979,,,,
147.960204841642,980,,,,
147.992686522107,981,,,,
148.002944448097,982,,,,
148.077258013528,983,,,,
148.268213515378,983,,,,
148.280699601162,984,,,,
148.331042212707,985,,,,
148.348459134818,986,,,,
148.374996130595,987,,,,
148.379789850553,988,,,,
148.467841694384,988,,,,
148.820965834433,988,,,,
148.958337760902,989,,,,
148.958724543221,990,,,,
149.052626403573,990,,,,
149.072298472436,991,,,,
149.158813378328,992,,,,
149.253712013006,993,,,,
149.272356976425,994,,,,
149.280844117529,995,,,,
149.39679571413,995,,,,
149.610415106762,996,,,,
149.986783186115,995,,,,
150.113944186347,996,,,,
150.207744997908,997,,,,
150.547038069372,996,,,,
150.586844169871,997,,,,
150.657697777415,998,,,,
150.819996779122,999,,,,
150.855721958649,999,,,,
151.036733059795,1000,,,,
151.116472907378,1001,,,,
151.170135115675,1001,,,,
151.437237613026,1001,,,,
151.490955986735,1002,,,,
151.564511662229,1003,,,,
151.84036779452,1003,,,,
151.87145700083,1004,,,,
151.999536633137,1005,,,,
152.209418475994,1005,,,,
152.212763951907,1006,,,,
152.259272526282,1007,,,,
152.314775698813,1008,,,,
152.314914130074,1009,,,,
152.324774080094,1010,,,,
152.353234098493,1010,,,,
152.737425728839,1010,,,,
152.775732535547,1011,,,,
152.861349151287,1012,,,,
153.057090990511,1012,,,,
153.160283060803,1013,,,,
153.221624867415,1014,,,,
153.266953314496,1014,,,,
153.325757695664,1015,,,,
153.435933887396,1016,,,,
153.476896603404,1017,,,,
153.561723284388,1017,,,,
153.774316341382,1018,,,,
153.92334125005,1018,,,,
154.213432154168,1018,,,,
154.443792841831,1018,,,,
154.925262641804,1018,,,,
154.977065547516,1019,,,,
155.024344901987,1020,,,,
155.25005361615,1020,,,,
155.58862770644,1020,,,,
155.59535740316,1021,,,,
155.752321238621,1021,,,,
155.867991167591,1022,,,,
155.980596447361,1022,,,,
156.006871988355,1023,,,,
156.034961103905,1024,,,,
156.112368308173,1025,,,,
156.136761275159,1026,,,,
156.285057211597,1026,,,,
156.303215133363,1027,,,,
156.440487533946,1028,,,,
156.696566925423,1028,,,,
156.824375554812,1029,,,,
156.85920041823,1029,,,,
156.925150698237,1030,,,,
156.98549857748,1031,,,,
157.007068561608,1032,,,,
157.075182089418,1033,,,,
157.098194666234,1034,,,,
157.248779780542,1034,,,,
157.325452318755,1035,,,,
157.511392975997,1035,,,,
157.568985273284,1036,,,,
157.58395979411,1037,,,,
157.952806991658,1037,,,,
158.008477258068,1038,,,,
158.044262525301,1038,,,,
158.22932108996,1039,,,,
158.237547346507,1040,,,,
158.407940506949,1040,,,,
158.537724163864,1041,,,,
158.548528770551,1042,,,,
158.919127834283,1042,,,,
158.936133543162,1043,,,,
159.088500571196,1043,,,,
159.124769684817,1044,,,,
159.153144695071,1045,,,,
159.16097967518,1046,,,,
159.16470428441,1047,,,,
159.21998421776,1048,,,,
159.272227142095,1048,,,,
159.283613207826,1049,,,,
159.493782566234,1050,,,,
159.577765916373,1050,,,,
159.634328208475,1051,,,,
159.662638391374,1052,,,,
159.69605793287,1053,,,,
159.786799224864,1054,,,,
160.060601554391,1054,,,,
160.073104109275,1055,,,,
160.221061623408,1055,,,,
160.593549060817,1055,,,,
160.687963186024,1056,,,,
160.957616671416,1056,,,,
160.95788473725,1057,,,,
161.007609384234,1058,,,,
161.275708893209,1058,,,,
161.303439646102,1059,,,,
161.415475554378,1059,,,,
161.444296871169,1060,,,,
161.46971733744,1061,,,,
161.535764726868,1062,,,,
161.538271185623,1063,,,,
161.542352635658,1064,,,,
161.543102270103,1065,,,,
161.645185512008,1066,,,,
161.907468064198,1066,,,,
161.959944108605,1066,,,,
162.078084648464,1067,,,,
162.125470806363,1068,,,,
162.247598824054,1069,,,,
162.413338276121,1069,,,,
162.503988403843,1070,,,,
162.627443790821,1070,,,,
162.704497522898,1071,,,,
163.013137236787,1071,,,,
163.073940399363,1072,,,,
163.117317018314,1073,,,,
163.208994405483,1073,,,,
163.436825379764,1074,,,,
163.542980711394,1074,,,,
163.689934042981,1075,,,,
163.736621260727,1076,,,,
163.780848379628,1076,,,,
163.891180909898,1077,,,,
163.988378549206,1078,,,,
164.04942190351,1079,,,,
164.083469722664,1079,,,,
164.092360145154,1080,,,,
164.299825383394,1081,,,,
164.326374887659,1082,,,,
164.338301374657,1083,,,,
164.346788747038,1084,,,,
164.370669602983,1084,,,,
164.409532959606,1085,,,,
164.429748653231,1086,,,,
164.524250452292,1087,,,,
164.575838624545,1088,,,,
164.621666080851,1089,,,,
164.758406652751,1089,,,,
164.887952319144,1090,,,,
164.962798742636,1090,,,,
165.076137568666,1091,,,,
165.143017437083,1092,,,,
165.158646701333,1093,,,,
165.158701313329,1094,,,,
165.177098707692,1095,,,,
165.232507122177,1096,,,,
165.239167635901,1097,,,,
165.245733954419,1098,,,,
165.276431692673,1098,,,,
165.299783063277,1099,,,,
165.342608866158,1100,,,,
165.612014634656,1100,,,,
165.621253386532,1101,,,,
165.64551128242,1102,,,,
165.737699208248,1103,,,,
165.933130085418,1103,,,,
166.058437894818,1104,,,,
166.220838939198,1104,,,,
166.237944121102,1105,,,,
166.255277873225,1106,,,,
166.297153808451,1107,,,,
166.390221164113,1108,,,,
166.520141097356,1108,,,,
166.532432676171,1109,,,,
166.641294293476,1110,,,,
166.771448504321,1110,,,,
166.964178954046,1111,,,,
167.065641629472,1112,,,,
167.1465206421,1112,,,,
167.313619299619,1113,,,,
167.316228696115,1114,,,,
167.381503058169,1114,,,,
167.387405963455,1115,,,,
167.633755426373,1116,,,,
167.642100228129,1117,,,,
167.647161049061,1118,,,,
167.71996333736,1118,,,,
167.754620038273,1119,,,,
167.895313092801,1120,,,,
168.020858159951,1120,,,,
168.024138715423,1121,,,,
168.078285964789,1122,,,,
168.139293043917,1123,,,,
168.158282219663,1124,,,,
168.332463621809,1124,,,,
168.343804094028,1125,,,,
168.454248774527,1126,,,,
168.624261167453,1126,,,,
168.703208826937,1127,,,,
168.767291434087,1128,,,,
168.856161836848,1129,,,,
169.070109589146,1129,,,,
169.29690862823,1129,,,,
169.429067638848,1130,,,,
169.514652560992,1130,,,,
169.567369439962,1131,,,,
169.62215630936,1132,,,,
169.668918717087,1133,,,,
169.790304773393,1133,,,,
169.862797117024,1134,,,,
169.906990435911,1135,,,,
170.126866964878,1135,,,,
170.487732466571,1135,,,,
170.621398570446,1136,,,,
170.827207688211,1136,,,,
170.827724316821,1137,,,,
170.84476205269,1138,,,,
170.963230667755,1139,,,,
171.078471769693,1139,,,,
171.330430785589,1139,,,,
171.333897255845,1140,,,,
171.457841971723,1141,,,,
171.674304689291,1141,,,,
171.693785298943,1142,,,,
171.880123897323,1143,,,,
171.946195406665,1143,,,,
172.01755652199,1144,,,,
172.032675564634,1145,,,,
172.046336450603,1146,,,,
172.090808296099,1147,,,,
172.187955091456,1147,,,,
172.464603108262,1148,,,,
172.491959594487,1148,,,,
172.748751866463,1149,,,,
172.848412794378,1149,,,,
172.881657986536,1150,,,,
172.999991938872,1151,,,,
173.041487597144,1152,,,,
173.052721065209,1153,,,,
173.144403368939,1153,,,,
173.209210404907,1154,,,,
173.539428800152,1154,,,,
173.62751956188,1155,,,,
173.643513122267,1156,,,,
173.672765929559,1157,,,,
173.702460635437,1157,,,,
173.72490135579,1158,,,,
173.931697587306,1159,,,,
174.033268854612,1159,,,,
174.100975025848,1160,,,,
174.243996960674,1161,,,,
174.473221923258,1161,,,,
174.517711770157,1162,,,,
174.53823205199,1163,,,,
174.661640054664,1163,,,,
174.737711714847,1164,,,,
174.826233399312,1165,,,,
174.865725928521,1166,,,,
175.031585267212,1166,,,,
175.069644357143,1167,,,,
175.092469019463,1168,,,,
175.151686499861,1169,,,,
175.310844711169,1169,,,,
175.367597969552,1170,,,,
175.398578183008,1171,,,,
175.442793200201,1172,,,,
175.47821306161,1173,,,,
175.724689075252,1173,,,,
176.107146040896,1172,,,,
176.238727464075,1173,,,,
176.243438047824,1174,,,,
176.373466962027,1175,,,,
176.39450865235,1176,,,,
176.428745493636,1176,,,,
176.502324826337,1177,,,,
176.588530989067,1178,,,,
176.635690561112,1179,,,,
176.786731042981,1179,,,,
176.814451386833,1180,,,,
176.97321431559,1181,,,,
177.088590691927,1181,,,,
177.130831036867,1182,,,,
177.241466343363,1183,,,,
177.388814121028,1183,,,,
177.720520858799,1183,,,,
177.853661293844,1184,,,,
178.064528042033,1184,,,,
178.079785656847,1185,,,,
178.676409226822,1184,,,,
178.877360088492,1184,,,,
178.922441069555,1185,,,,
178.980659174869,1186,,,,
178.985288125461,1187,,,,
179.051921213063,1188,,,,
179.09126945276,1189,,,,
179.150757078349,1189,,,,
179.21945664194,1190,,,,
179.303353970233,1191,,,,
179.322251821905,1192,,,,
179.41931839669,1192,,,,
179.428209832925,1193,,,,
179.497161125117,1194,,,,
179.557442215917,1195,,,,
179.759023962351,1195,,,,
180.028832266646,1195,,,,
180.127647131963,1196,,,,
180.271686292464,1197,,,,
180.323007130587,1197,,,,
180.360329103423,1198,,,,
180.414233054277,1199,,,,
180.633709759156,1199,,,,
180.800225231894,1200,,,,
180.919718045231,1200,,,,
180.962518560277,1201,,,,
181.024758362712,1202,,,,
181.048514917005,1203,,,,
181.07925164428,1204,,,,
181.085373587492,1205,,,,
181.171065897641,1206,,,,
181.379834923954,1206,,,,
181.401513926529,1207,,,,
181.652286160055,1207,,,,
181.787468368662,1208,,,,
181.800265363149,1209,,,,
182.076613007208,1209,,,,
182.117330725262,1209,,,,
182.224996590147,1210,,,,
182.244278889027,1211,,,,
182.373375159586,1212,,,,
182.385693496815,1213,,,,
182.403664602739,1214,,,,
182.633789939342,1214,,,,
182.771711474416,1214,,,,
182.777567359248,1215,,,,
182.846354836396,1216,,,,
183.240015449377,1216,,,,
183.249159314181,1217,,,,
183.25930179252,1218,,,,
183.308150721159,1219,,,,
183.507272285209,1219,,,,
183.638001423709,1219,,,,
183.721589180463,1220,,,,
183.807914034889,1221,,,,
183.853787569023,1222,,,,
183.890371052937,1223,,,,
183.932278133294,1223,,,,
184.381007974417,1223,,,,
184.522627322467,1223,,,,
184.607966391089,1224,,,,
184.645737761643,1225,,,,
184.935687627011,1225,,,,
185.042783131648,1226,,,,
185.12482988844,1226,,,,
185.197671285981,1227,,,,
185.280835581252,1228,,,,
185.347187749745,1229,,,,
185.352440358781,1230,,,,
185.583867848642,1230,,,,
185.594858126161,1231,,,,
185.675746495023,1232,,,,
185.771051837641,1232,,,,
185.946418239374,1233,,,,
186.07795848863,1233,,,,
186.207265682418,1234,,,,
186.235241362657,1235,,,,
186.23917338765,1236,,,,
186.57152960029,1236,,,,
186.71985862012,1236,,,,
186.85504330581,1237,,,,
186.87948899507,1238,,,,
186.906671346971,1239,,,,
187.140130169178,1239,,,,
187.243530751452,1239,,,,
187.247918019247,1240,,,,
187.289432658696,1241,,,,
187.329939981614,1242,,,,
187.459944582532,1243,,,,
187.470450965822,1244,,,,
187.558300514872,1244,,,,
187.622848491975,1245,,,,
187.764175473504,1246,,,,
187.935667783914,1246,,,,
187.964631353707,1247,,,,
188.000040233717,1248,,,,
188.269300220484,1248,,,,
188.285662161835,1249,,,,
188.781865436325,1248,,,,
188.82195305769,1249,,,,
188.839929466507,1250,,,,
189.008065906032,1251,,,,
189.079995583259,1251,,,,
189.095122527763,1252,,,,
189.294248176897,1253,,,,
189.320042699826,1254,,,,
189.362767461457,1254,,,,
189.369901162099,1255,,,,
189.397692466779,1256,,,,
189.520011440834,1257,,,,
189.651340076369,1257,,,,
189.701631318037,1258,,,,
190.081134551409,1258,,,,
190.118362729723,1259,,,,
190.188429833939,1260,,,,
190.315237026324,1260,,,,
190.365065908045,1261,,,,
190.406009839312,1262,,,,
190.455756837054,1263,,,,
190.58586810084,1263,,,,
190.744102165869,1264,,,,
190.912949948671,1264,,,,
191.035388252269,1265,,,,
191.059935200483,1266,,,,
191.098342357653,1267,,,,
191.462613326455,1266,,,,
191.829869284979,1266,,,,
191.847585726071,1267,,,,
192.069760446321,1267,,,,
192.10412798482,1268,,,,
192.22483510091,1269,,,,
192.244655232965,1270,,,,
192.302775963276,1271,,,,
192.345165197308,1271,,,,
192.368395733723,1272,,,,
192.433800089975,1273,,,,
192.54315202769,1274,,,,
192.617003281392,1275,,,,
192.757200976092,1275,,,,
192.94934636969,1275,,,,
193.042000060744,1276,,,,
193.262226905288,1276,,,,
193.330668799444,1277,,,,
193.355528251871,1278,,,,
193.368089286805,1279,,,,
193.465612191048,1280,,,,
193.619198677626,1280,,,,
193.63102029713,1281,,,,
193.698667285117,1282,,,,
193.760095312979,1283,,,,
193.952588896745,1283,,,,
193.991498902585,1284,,,,
194.005980516033,1285,,,,
194.044033487042,1286,,,,
194.379529924978,1286,,,,
194.445420779662,1287,,,,
194.512991011238,1287,,,,
194.643860527211,1288,,,,
194.651370644297,1289,,,,
194.658539866102,1290,,,,
194.691406071869,1291,,,,
194.902745900297,1291,,,,
195.135618489015,1291,,,,
195.268350786264,1292,,,,
195.30900004302,1293,,,,
195.328419140898,1294,,,,
195.679335601812,1293,,,,
195.959287878658,1293,,,,
196.018008415788,1294,,,,
196.088593615299,1295,,,,
196.134329406444,1296,,,,
196.990431232375,1294,,,,
197.146386360547,1295,,,,
197.168358735097,1295,,,,
197.23130452523,1296,,,,
197.307856572614,1297,,,,
197.31571399531,1298,,,,
197.349997967896,1299,,,,
197.526514145853,1299,,,,
197.562779647157,1300,,,,
197.719064802598,1301,,,,
197.808484801619,1301,,,,
197.880843978429,1302,,,,
198.135589103518,1302,,,,
198.136562154111,1303,,,,
198.300173128171,1304,,,,
198.314832707426,1305,,,,
198.443546918007,1305,,,,
198.568023125886,1306,,,,
198.649933580225,1307,,,,
198.739302769399,1307,,,,
198.994790848373,1307,,,,
199.115202964385,1308,,,,
199.183001516556,1309,,,,
199.227776344032,1310,,,,
199.434790577848,1310,,,,
199.534047489633,1311,,,,
199.713613183517,1311,,,,
199.770675459317,1312,,,,
199.794734362093,1313,,,,
199.84814396089,1314,,,,
199.995645792347,1314,,,,
